id;level;university;area;degree
5645;Высшее образование;МоскИФИ;Вычислительные машины, комплексы, системы и сети;Инженер
6662;Высшее образование;МГУ им.Ломоносова;Экономика;Бакалавр экономики
27817;Среднее проф.образ;ККМДО;Банковское дело;Специалист банковского дела
27817;Высшее образование;МГУЭСИ;Финансы и кредит;Экономист
28442;Высшее образование;МГУ им.Ломоносова;Механика;Механик
29081;Высшее образование;МГУ им.Ломоносова;Прикладная математика и информатика;Математик, системный программист
29081;Высшее образование;РЭУ;Экономика;Бакалавр
30055;Высшее образование;МоГЭИ;Таможенное дело;Специалист таможенного дела
30055;Высшее образование;ФУП РФ;Юриспруденция;Юрист
30055;Послевузовское образ;РАНХГСП РФ;Евроменеджмент-мастер делового администрирования для руководителей;
31267;Высшее образование;МоФТИ;Прикладная математика и физика;Бакалавр прикладных математики и физики
31267;Высшее образование;МоФТИ;Прикладная математика и физика;Магистр прикладных математики и физики
35858;Высшее образование;МоГАИ;Системы автоматизированного проектирования;Инженер
35858;Высшее образование;МоГАИ;Менеджмент;Бакалавр менеджмента
38064;Среднее проф.образ;МоБИ;Банковское дело;Экономист
38064;Высшее образование;МоБИ;Финансы и кредит;Экономист
39281;Высшее образование;МГУ им.Ломоносова;Физика;Физик
40807;Высшее образование;УГУ;;
40807;Высшее образование;УГУ;Финансы и кредит;Экономист
41079;Высшее образование;МоФТИ;Прикладная математика и физика;Магистр прикладных математики и физики
41223;Высшее образование;МоскИСИ;Строительные и дорожные машины и оборудование;Инженер-механик
41874;Высшее образование;ДонсГТУ;Автоматизация и управление;Бакалавр техники и технологий
41874;Высшее образование;ДонсГТУ;Автоматизация технологических процессов и производств;Инженер
41874;Высшее образование;ДонсГТУ;Автоматизация и управление;Магистр техники и технологий
44905;Высшее образование;МоскАИ;Автоматизированные системы обработки информации и управления;Инженер
60067;Среднее проф.образ;МоБИ;Банковское дело;Экономист
60067;Высшее образование;ГУУ;Финансы и кредит;Экономист
75814;Среднее проф.образ;МоБИ;Банковское дело;Экономист
75814;Неполное высш.образ;РоЭА;Финансы и кредит;Экономист
75814;Высшее образование;РоЭА;Банковское дело;
84994;Высшее образование;МоЭИ;Радиотехника;Радиоинженер
462817;Высшее образование;МоФТИ;Прикладная математика и физика;Бакалавр прикладных математики и физики
462817;Высшее образование;МоФТИ;Прикладная математика и физика;Магистр прикладных математики и физики
462817;Повышение квалиф-ии;НИУ ВШЭ;;
671618;Высшее образование;МГУ им.Ломоносова;Физика;Физик
816691;Высшее образование;МоФТИ;Системный анализ и управление;Бакалавр техники и технологии
816691;Высшее образование;РАНХГСП РФ;Экономика;Бакалавр
816691;Высшее образование;МоФТИ;Системный анализ и управление;Магистр техники и технологии
816691;Высшее образование;РАНХГСП РФ;Экономика;Магистр
861872;Высшее образование;МГАИ;Авиационные двигатели и энергетические установки;Инженер
861872;Высшее образование;ГУ-ВШЭ;Финансы и кредит;Экономист
866410;Высшее образование;МГУ им.Ломоносова;Математика;Математик
866493;Высшее образование;МоФТИ;Прикладные математика и физика;Магистр прикладных математики и физики
866493;Высшее образование;МоФТИ;Прикладные математика и физика;Бакалавр прикладных математики и физики
874663;Высшее образование;ФУП РФ;Финансы и кредит;Экономист
874663;Высшее образование;РГТУ им.Циолковского;Автоматизированные системы обработки информации и управления;Инженер
874663;Высшее образование;РГТУ им.Циолковского;Информатика и вычислительная техника;Бакалавр техники и технологии
884679;Высшее образование;МГУ им.Ломоносова;Математика;
885118;Высшее образование;МГИЭТ ИЭУ;Программное обеспечение вычислительной техники и автоматизированных систем;
901573;Высшее образование;РЭШ;Менеджмент;
901573;Высшее образование;МоФТИ;Прикладные математика и физика;Бакалавр прикладных математики и физики
901573;Высшее образование;МоФТИ;Прикладные математика и физика;Магистр прикладных математики и физики
901573;Высшее образование;НИУ ВШЭ;Финансовые технологии и анализ данных;Магистр
910332;Высшее образование;;Финансы и кредит;Экономист
914772;Высшее образование;РоЭА;Математические методы в экономике;Экономист-математик
963327;Высшее образование;ВШЭ;Социология;Бакалавр социологии
999776;Высшее образование;МоскоГГУ;Экономика и управление на предприятии (в природопользовании);Экономист-менеджер
1001547;Высшее образование;МоскИФИ;Прикладная математика;Инженер-математик
1001547;Повышение квалиф-ии;АНО ДПО КУС;;
1001596;Высшее образование;МГТУ Баумана;Машины и технология высокоэффективных процессов обработки материалов;
1001596;Высшее образование;НИУ ВШЭ;Бизнес-информатика;Бакалавр
1001596;Повышение квалиф-ии;ИФРиУ;;
1001781;Среднее проф.образ;ТГКСИУ;Многоканальные телекоммуникационные системы;
1001781;Высшее образование;УрГЭУ;Прикладная информатика (в экономике);
1013386;Высшее образование;МоскАИ;Автоматизированные системы обработки информации и управления;Инженер
1013386;Высшее образование;МоскАИ;Экономика и управление на предприятии (по отраслям);Экономист-менеджер
1021490;Высшее образование;КургГУ;История;Историк, преподаватель
1021490;Высшее образование;КургГУ;Программное обеспечение вычислительной техники и автоматизированных систем;Инженер
1028618;Высшее образование;МИНХ;Экономическая кибернетика;Экономист-математик
1028618;Послевузовское образ;АНХ ПРФ;Менеджмент, международный бизнес;Мастер делового администрирования
1091890;Высшее образование;НиГЛУ;Теория и методика преподавания иностранных языков и культур;Лингвист, преподаватель
1116057;Высшее образование;МоФТИ;Прикладная математика и физика;Бакалавр
1116057;Высшее образование;МоФТИ;Прикладная математика и физика;Магистр
1116057;Высшее образование;НИУ ВШЭ;Экономика;Магистр
1124710;Высшее образование;СтГУ;Математика, прикладная математика;Математик
1140723;Высшее образование;НИУ ВШЭ;Бизнес-информатика;Бакалавр
1140723;Высшее образование;НИУ ВШЭ;Экономика;Магистр
1143472;Высшее образование;НИУ ВШЭ;Экономика;Бакалавр экономики
1143472;Высшее образование;НИУ ВШЭ;Экономика;Магистр
1156969;Высшее образование;ИЕНЭ;Физика;Бакалавр физики
1156969;Высшее образование;МоФТИ;Прикладные математика и физика;Магистр прикладных математики и физики
1156969;Высшее образование;ИЕНЭ;Физика;Магистр
1198843;Высшее образование;МГУ им.Ломоносова;Прикладная математика и информатика;Математик, системный программист
1198843;Повышение квалиф-ии;МГУ им.Ломоносова;;
1206494;Высшее образование;ФУП РФ;Финансы и кредит;Экономист
1206494;Повышение квалиф-ии;НАУФР;;
1214114;Высшее образование;МоскАИ;Прикладная математика;Математик-инженер
1223915;Высшее образование;СПГУАП;Мировая экономика;Экономист
1237270;Высшее образование;КГФЭИ;Экономика;Бакалавр экономики
1237270;Высшее образование;КГФЭИ;Финансы и кредит;Экономист
1265175;Высшее образование;МГУ им.Ломоносова;Прикладная математика и информатика;
1273186;Высшее образование;МГУИЭ;Автоматизация технологических процессов и производств;Инженер
1273186;Высшее образование;МГУИЭ;Автоматизация технологических процессов и производств;Инженер
1273186;Высшее образование;ФУП РФ;Финансы и кредит;Экономист
1273186;Высшее образование;ФУП РФ;Финансы и кредит;Экономист
1273186;Послевузовское образ;НИУ ВШЭ;;
1273186;Послевузовское образ;НИУ ВШЭ;Оценка стоимости предприятия (бизнеса);Оценка стоимости бизнеса
1273186;Послевузовское образ;НИУ ВШЭ;Бизнес-информатика;
1292938;Высшее образование;НГАЭУ;Прикладная информатика (в экономике);Информатик-экономист
1303688;Высшее образование;НовосибГПУ;Маркетинг;Маркетолог
1303688;Послевузовское образ;ММВШБ МИРБИС;Мастер делового администрирования;
1308343;Высшее образование;НИУ ВШЭ;Экономика;Бакалавр
1308343;Высшее образование;МГУ им.Ломоносова;Прикладная математика и информатика;Магистр
1308343;Повышение квалиф-ии;НИУ ВШЭ;;
1312283;Высшее образование;НИУ ВШЭ;Прикладная математика;Инженер-математик
1320519;Неполное высш.образ;НИУ ВШЭ;;
1320519;Высшее образование;ОмсГУ;Мировая экономика;Экономист
1342454;Высшее образование;МГУПС;Прикладная информатика (в экономике);Информатик-экономист
1354647;Высшее образование;МоФТИ;Прикладные математика и физика;Бакалавр прикладных математики и физики
1354647;Высшее образование;МоФТИ;Прикладные математика и физика;Магистр прикладных математики и физики
1372273;Высшее образование;МГУ им.Ломоносова;Механика;Механик
1372273;Послевузовское образ;МГУ им.Ломоносова;;
1372273;Повышение квалиф-ии;РЭШ;;
1392523;Высшее образование;РостГУ;Прикладная математика и информатика;Бакалавр математики
1395239;Высшее образование;ПерГТУ;Автоматизированные системы обработки информации и управления;Инженер-системотехник
1395239;Высшее образование;РМЦПКПГТУ;Маркетинг;
1404900;Высшее образование;МоФТИ;Прикладная математика и физика;Бакалавр прикладных математики и физики
1404900;Высшее образование;МоФТИ;Прикладная математика и физика;Магистр прикладных математики и физики
1404900;Высшее образование;РЭШ;Экономика;Магистр экономики
1404900;Повышение квалиф-ии;;;
1406456;Высшее образование;МоФТИ;Прикладная математика и физика;Бакалавр прикладных математики и физики
1406456;Высшее образование;РЭШ;Экономика;Магистр экономики
1406456;Высшее образование;МоФТИ;Прикладная математика и физика;Магистр прикладных математики и физики
1407060;Высшее образование;СиАГС;Финансы и кредит;Экономист
1407060;Высшее образование;НГУЭУ;Менеджмент;Магистр
1407060;Повышение квалиф-ии;ИПБАР;;
1407060;Повышение квалиф-ии;АБЭЯ;;
1407060;Повышение квалиф-ии;"ООО ""Би энд Джи Груп";;
1407060;Повышение квалиф-ии;АБЭЯ;;
1407060;Повышение квалиф-ии;ЦКОС МГТУ;;
1407060;Повышение квалиф-ии;ЦКОС МГТУ;;
1407060;Повышение квалиф-ии;Учебный центр TERADA;;
1407060;Повышение квалиф-ии;УЦ SAS Institut;;
1407060;Повышение квалиф-ии;ЦКОС МГТУ;;
1407060;Повышение квалиф-ии;ЦКОС МГТУ;;
1407060;Повышение квалиф-ии;ЦКОС МГТУ;;
1411289;Высшее образование;НИЯУ МИФИ;Физика конденсированного состояния вещества;Инженер-физик
1411289;Высшее образование;РЭШ;Экономика;Магистр
1428932;Высшее образование;МоГИСС;Автоматизация технологических процессов и производств (в металлургии);Инженер
1429382;Высшее образование;НИУ ВШЭ;Экономика;Бакалавр экономики
1429382;Высшее образование;НИУ ВШЭ;Финансы и кредит;
1432642;Высшее образование;ОреГУ;Математические методы в экономике;Экономист-математик
1436786;Высшее образование;МГТУ Баумана;Ракетные двигатели;Инженер
1436786;Высшее образование;МГТУ Баумана;Экономика и управление на предприятии;Экономист-менеджер
1437018;Высшее образование;МГУ им.Ломоносова;Математика;Математик
1438103;Высшее образование;МГУ им.Ломоносова;Прикладная математика и информатика;Математик, системный программист
1439482;Высшее образование;БашГУ;Прикладная математика и информатика (ОКСО);Математик, системный программист
1440813;Высшее образование;МГУ им.Ломоносова;Физика;Физик
1449705;Высшее образование;РоссУК;Финансы и кредит;Экономист
1451267;Высшее образование;МГТУ Баумана;Роботы и робототехнические системы;Инженер
1459891;Высшее образование;ФУП РФ;Экономика;Магистр экономики
1464111;Высшее образование;ПГНИУ;Математические методы в экономике;Экономист-математик
1464111;Повышение квалиф-ии;ПГНИУ;;
1464111;Повышение квалиф-ии;ПГНИУ;;
1464111;Повышение квалиф-ии;ПГНИУ;;
1464111;Повышение квалиф-ии;ПГНИУ;;
1464111;Повышение квалиф-ии;ПГНИУ;;
1464111;Повышение квалиф-ии;ПГНИУ;;
1465021;Высшее образование;НИУ ВШЭ;;
1466848;Высшее образование;МоФТИ;Прикладные математика и физика;Бакалавр прикладных математики и физики
1466848;Высшее образование;НИУ ВШЭ;Экономика;Магистр
1477369;Высшее образование;МГУ им.Ломоносова;Математика;Математик
1479404;Высшее образование;МГУ им.Ломоносова;Математика;Математик
1479576;Высшее образование;РГСУ;Антикризисное управление;Экономист-менеджер
1479576;Высшее образование;ФУП РФ;Юриспруденция;Бакалавр
1479965;Высшее образование;МоФТИ;Прикладная математика и физика;
1479965;Высшее образование;МоФТИ;Прикладная математика и физика;Магистр прикладных математики и физики
1480344;Высшее образование;ТоГУСУР;Управление и информатика в технических системах;Инженер
1481494;Высшее образование;МоФТИ;Прикладные математика и физика;Бакалавр прикладных математики и физики
1486024;Высшее образование;КубГУ;Прикладная математика и информатика;Математик, системный программист
1487042;Высшее образование;НИУ ВШЭ;Экономика;Бакалавр
1487042;Высшее образование;НИУ ВШЭ;Финансы и кредит;Магистр экономики
1488602;Высшее образование;МГУ им.Ломоносова;Прикладная математика и информатика;Математик, системный программист
1494424;Высшее образование;МГУ им.Ломоносова;Астрономия;Астроном
1494441;Высшее образование;МГУ им.Ломоносова;Информационные технологии;Магистр информационных технологий
1495672;Высшее образование;МГУ им.Ломоносова;Математика;Математик
1497112;Высшее образование;ТиГУ;Прикладная математика и информатика;
1497112;Высшее образование;ТиГУ;Прикладная математика и информатика;
1498321;Высшее образование;ФУП РФ;Прикладная математика и информатика;Бакалавр математики и информатики
1499008;Высшее образование;МурмГосГумУн;Математические методы в экономике;Экономист-математик
1499423;Высшее образование;УГУ;Математические методы в экономике;Экономист-математик
1499788;Высшее образование;МГУ им.Ломоносова;Прикладная математика;Математик
1503010;Высшее образование;ЮФУ;;
1503043;Высшее образование;ПерГУ;Математические методы в экономике;Экономист-математик
1504499;Высшее образование;ЮФУ;Информационные технологии;Магистр информационных технологий
1507129;Высшее образование;НИУ ВШЭ;Прикладная математика и информатика;Бакалавр прикладной математики и информатики
1508199;Высшее образование;МФТИ;Прикладная математика и физика;Бакалавр прикладных математики и физики
1508199;Высшее образование;МФТИ;Прикладная математика и физика;Магистр прикладных математики и физики
1509903;Высшее образование;НиГУ;Математика;Магистр математики
1509903;Высшее образование;ВВАГС;Экономика;Магистр экономики
1509917;Высшее образование;МГТУС;Информатика и вычислительная техника;Бакалавр техники и технологии
1510042;Высшее образование;МГУ им.Ломоносова;Прикладная математика и информатика;Математик, системный программист
1510129;Высшее образование;НИУ ВШЭ;Экономика;
1513982;Высшее образование;ГУМФ РФ;Финансы и кредит;Экономист
1518905;Высшее образование;УГУПС;Организация и технология защиты информации;Специалист по защите информации
1518905;Высшее образование;УГУПС;Экономика;Бакалавр
1518905;Высшее образование;УрГЭУ;Экономика;Бакалавр
1523044;;;;
1532658;Высшее образование;НИУ ВШЭ;Экономика;Бакалавр экономики
1532740;Высшее образование;ГУУ;Математические методы в экономике;
1532740;Высшее образование;НИБ;Экономика и управление народным хозяйством;
1535525;Высшее образование;ТулГУ;Менеджмент организации;
1535525;Повышение квалиф-ии;МФУС;;
1536087;Высшее образование;МоФТИ;Прикладные математика и физика;Бакалавр прикладных математики и физики
1536939;Высшее образование;НИУ МЭИ;Прикладная механика;Магистр техники и технологии
1539222;Высшее образование;МоФТИ;Системный анализ и управление;Бакалавр
1539222;Высшее образование;НИУ ВШЭ;Бизнес-информатика;Магистр
1540335;Высшее образование;СПГУ;Математические методы в экономике;Экономист-математик
1540358;Высшее образование;МГУ им.Ломоносова;Математика;Математик
1541646;Высшее образование;РыГАТА;Прикладная информатика (в экономике);
1541646;Высшее образование;МГУЭСИ;;
1542612;Высшее образование;КИГИТ г.Ижевск;Связи с общественностью;Специалист по связям с общественностью
1543275;Высшее образование;СамГАУ;Математические методы в экономике;
1543275;Повышение квалиф-ии;СамГАУ;Переводчик в сфере профессиональной коммуникации;
1544441;Высшее образование;ГУУ;Математические методы в экономике;Экономист-математик
1545149;Высшее образование;МоскоАИ;Автоматизированные системы обработки информации и управления;Инженер
1545443;Высшее образование;МГТУ Баумана;Информационные системы и технологии;Инженер
1547254;Высшее образование;МГУ им.Ломоносова;Механика;Механик
1548555;Высшее образование;ФУП РФ;Прикладная математика и информатика;Бакалавр
1548555;Высшее образование;ГФАП РФ;Прикладная математика и информатика;Магистр
1548772;Высшее образование;МГУ им.Ломоносова;Экономика;Бакалавр экономики
1548772;Высшее образование;ВШЭ;Бизнес-информатика;Магистр
1550020;Высшее образование;МФТИ;Прикладные математика и физика;Магистр прикладных математики и физики
1550020;Высшее образование;МГТУ Баумана;Информатика и вычислительная техника;Бакалавр техники и технологии
1550537;;;;
1552893;Высшее образование;МГТУ МИРЭА;Программное обеспечение вычислительной техники и автоматизированных систем;Инженер
1555181;Высшее образование;ВШЭ;Финансы и кредит;Экономист
1555181;Высшее образование;МГУ им.Ломоносова;Прикладная математика;Математик
1555304;;;;
1560975;Высшее образование;МФТИ;Прикладные математика и физика;Магистр прикладных математики и физики
1560975;Высшее образование;МФТИ;Прикладные математика и физика;Бакалавр прикладных математики и физики
1563313;Высшее образование;НоГУ;Экономика;Бакалавр
1563313;Высшее образование;НИУ ВШЭ;Экономика;Магистр
1567690;Среднее общее образ;;;
1567690;Неполное высш.образ;МГУ им.Ломоносова;;
1572495;Высшее образование;МГУ им.Ломоносова;Прикладная математика и информатика;Бакалавр
1572566;Неполное высш.образ;НИУ ВШЭ;;
1572570;Неполное высш.образ;РЭШ;;
1572570;Высшее образование;МоФТИ;Прикладная математика и физика;Бакалавр
1572570;Высшее образование;МоФТИ;Прикладная математика и физика;Магистр
1573630;Высшее образование;МПГУ;Физико-математическое образование;Бакалавр физико-математического образования
1573630;Высшее образование;РУДН;Физика;Магистр физики
1575411;Высшее образование;НИУ ВШЭ;Экономика;Бакалавр экономики
1575411;Высшее образование;НИУ ВШЭ;Экономика;Магистр
1575977;Высшее образование;МГУ им.Ломоносова;Прикладная математика и информатика;Математик, системный программист
1580223;Высшее образование;ГУ-ВШЭ;Экономика;Бакалавр экономики
1580223;Высшее образование;ГУ-ВШЭ;Экономика;Магистр экономики
1582157;Высшее образование;МГУ им.Ломоносова;психология;
1582498;Высшее образование;МГТУ Баумана;Роботы и робототехнические системы;Инженер
1584503;Высшее образование;ФУП РФ;;
1584503;Высшее образование;НИУ ВШЭ;Бизнес-информатика;Магистр
1588487;Высшее образование;МГИЭМ;Компьютерная безопасность;Математик
1589579;Высшее образование;ГУУ;Экономика;Бакалавр
1589579;Высшее образование;НИУ ВШЭ;Информатика и вычислительная техника;Магистр
1589980;Высшее образование;МГУ им.Ломоносова;Физика конденсированного состояния вещества;Физик
1589980;Высшее образование;МИПКПРКСРЭА;Финансовый менеджмент;
1590675;;;;
1590687;Высшее образование;;;
1590687;Высшее образование;;;
1591513;Высшее образование;НИТУ МИСиС;Прикладная математика;Инженер-математик
1591513;Послевузовское образ;НИТУ МИСиС;Информатика и вычислительная техника;Исследователь. Преподаватель-исследователь
1593005;Высшее образование;УГАТУ;Математические методы в экономике;Экономист-математик
1596249;Высшее образование;МФТИ;Прикладные математика и физика;Бакалавр прикладных математики и физики
1596249;Высшее образование;НИУ ВШЭ;Бизнес-информатика;Магистр
1597020;Высшее образование;МГУПИ;Технология приборостроения;Инженер
1597774;Высшее образование;ГрПИ;Информационно-измерительная техника;Инженер-электрик
1597774;Высшее образование;АНХ ПРФ;Менеджмент;Магистр
1598235;Высшее образование;ГУУ;Математические методы в экономике;Экономист-математик
1598235;Послевузовское образ;ЦЭМИ;Математические и инструментальные методы в экономике;
1599115;Высшее образование;СамГЭУ;Экономика;
1599264;Высшее образование;РЭУ;Экономика;Бакалавр
1599264;Высшее образование;МГУ им.Ломоносова;Математика. Компьютерные науки;Магистр математики
1601320;Высшее образование;МГУ им.Ломоносова;Прикладная математика и информатика;Магистр
1602856;Высшее образование;НИЯУ МИФИ;Физика атомного ядра и частиц;Инженер-физик
1603716;Высшее образование;МГУ им.Ломоносова;Прикладная математика и информатика;Математик, системный программист
1604668;Высшее образование;НИУ ВШЭ;Экономика;Бакалавр
1604668;Высшее образование;НИУ ВШЭ;Финансы и кредит;
1605079;Высшее образование;МосГУ;Финансы и кредит;Экономист
1606381;Неполное высш.образ;МоФТИ;Прикладные математика и физика;Магистр
1606381;Высшее образование;МГУ им.Ломоносова;Физика;Бакалавр
1609073;Высшее образование;ТвГУ;Прикладная математика;
1609073;Высшее образование;ТвГУ;Прикладная математика;
1609844;Высшее образование;ДФУ;Бизнес-информатика;Бакалавр
1610119;Высшее образование;МГУ им.Ломоносова;Прикладная математика и информатика;Математик-системный программист
1610864;Высшее образование;МГУ им.Ломоносова;Прикладная математика и информатика;Математик-системный программист
1612798;Высшее образование;МГУ им.Ломоносова;Математика;Математик
1613379;Высшее образование;НИУ ВШЭ;Экономика;Бакалавр
1613380;Высшее образование;МГУ им.Ломоносова;Физика конденсированного состояния вещества;Физик
1613667;Высшее образование;МГУ им.Ломоносова;Математика;Математик
1615264;Высшее образование;МГУ им.Ломоносова;Математика;Математик
1615420;Высшее образование;МУПОЧД;Прикладная математика и информатика;Бакалавр
1615420;Высшее образование;НИУ ВШЭ;Прикладная математика и информатика;Магистр
1615556;Высшее образование;МГУ им.Ломоносова;Механика;Механик
1615562;Высшее образование;МФТИ;Прикладная математика и физика;Магистр прикладных математики и физики
1616655;Высшее образование;МГУ им.Ломоносова;География;Географ
1616792;Высшее образование;МГУ им.Ломоносова;Прикладная математика и информатика;Математик, системный программист
1617834;Высшее образование;НИУ МИЭТ;Прикладная математика;Бакалавр
1618003;Высшее образование;СПГУ;Информационные технологии;Бакалавр информационных технологий
1618003;Высшее образование;НИУ ВШЭ;Финансы и кредит;Магистр экономики
1618323;Высшее образование;МГУГК;Картография;Инженер
1618496;Высшее образование;МГУ им.Ломоносова;Математика;Математик
1619078;Высшее образование;НИЯУ МИФИ;Прикладная математика и информатика;Математик, системный программист
1619480;Высшее образование;ГУ-ВШЭ;Экономика;Бакалавр экономики
1619480;Высшее образование;ГУ-ВШЭ;Экономика;Магистр экономики
1619536;Высшее образование;НИУ ВШЭ;Математика;Бакалавр математики
1619536;Высшее образование;МГУ им.Ломоносова;Прикладная математика;Магистр математики
1619600;Высшее образование;МоФТИ;Прикладные математика и физика;Магистр прикладных математики и физики
1619960;Высшее образование;МГУ им.Ломоносова;Прикладная математика и информатика;Бакалавр прикладных математики и физики
1619960;Высшее образование;РАНХГСП РФ;Менеджмент;
1620017;Высшее образование;МоФТИ;Прикладная математика и физика;Бакалавр
1620017;Высшее образование;МоФТИ;Прикладные математика и физика;Магистр прикладных математики и физики
1620017;Повышение квалиф-ии;НИУ ВШЭ;;
1620017;Повышение квалиф-ии;НИУ ВШЭ;;
1623482;Высшее образование;МоФТИ;Прикладная математика;Бакалавр
1623482;Высшее образование;МоФТИ;Прикладная математика и физика;Магистр прикладных математики и физики
1623926;Высшее образование;НИУ ВШЭ;Математика;Бакалавр
1623926;Высшее образование;НИУ ВШЭ;Прикладная математика и информатика;Магистр
1624254;Высшее образование;МоскАИ;Прикладная математика;Математик-инженер
1624254;Высшее образование;ФАП РФ;Финансы и кредит;Экономист
1624912;Высшее образование;МГУ им.Ломоносова;Математика;Математик
1625437;Высшее образование;МГУ им.Ломоносова;Прикладная математика и информатика (ОКСО);
1625751;Высшее образование;ПенГУ;Математические методы в экономике;Экономист-математик
1626875;Высшее образование;РАНХГСП РФ;Экономика;Бакалавр
1626875;Высшее образование;РАНХГСП РФ;Менеджмент;
1627470;Высшее образование;МоФТИ;Прикладная математика и физика;Бакалавр
1627470;Высшее образование;МоФТИ;Прикладная математика и физика;Магистр прикладных математики и физики
1628168;Высшее образование;МГУ им.Ломоносова;Прикладная математика и информатика;Математик, системный программист
1628595;Высшее образование;МосЭИ;Экономика;Бакалавр экономики
1628595;Высшее образование;НИУ ВШЭ;Экономика;Магистр экономики
1628595;Послевузовское образ;МосЭИ;Антикризисное управление;Экономист, менеджер
1628624;Высшее образование;МГУ им.Ломоносова;Прикладная математика и физика;Математик, системный программист
1629087;Высшее образование;МАИ С.Орджоникидзе;Прикладная математика;Инженер-математик
1629715;Высшее образование;НИУ ВШЭ;Бизнес-информатика;Бакалавр
1629715;Высшее образование;НИУ ВШЭ;Бизнес-информатика;Магистр
1630881;Высшее образование;МГИРЭА;Управление и информатика в технических системах;Инженер
1631410;Высшее образование;МГУ им.Ломоносова;Математика;Математик
1631410;Послевузовское образ;ВШЭ;Физико-математические науки;
1631605;Высшее образование;МГУ им.Ломоносова;Математика;Математик
1631607;Высшее образование;ЧВИИР;Радиотехника;Инженер
1631607;Повышение квалиф-ии;МИПКПРКСРЭА;;
1631868;Высшее образование;НоГУ;Математика;Математик
1632400;Высшее образование;МоФТИ;Прикладная математика и физика;Бакалавр прикладных математики и физики
1632400;Высшее образование;МоФТИ;Прикладная математика и физика;Магистр прикладных математики и физики
1632699;Высшее образование;МГУ им.Ломоносова;Прикладная математика и информатика;Математик, системный программист
1632699;Высшее образование;НИУ ВШЭ;Финансы и кредит;Магистр
1632699;Повышение квалиф-ии;НИУ ВШЭ;;
1635731;Неполное высш.образ;РЭУ;;
1636082;Высшее образование;НИУ ВШЭ;Программная инженерия;Бакалавр
1637475;Высшее образование;МГУ им.Ломоносова;Прикладная математика и информатика;Бакалавр
1637594;Высшее образование;НИУ ВШЭ;Прикладная математика и информатика;Бакалавр
1637594;Высшее образование;НИУ ВШЭ;Прикладная математика и информатика;Магистр
1637785;Неполное высш.образ;НИУ ВШЭ;Экономика;
1638128;Высшее образование;МГУ им.Ломоносова;Математика;Математик
1638251;Высшее образование;МГУ им.Ломоносова;Физика;Физик
1638745;Высшее образование;ННИГУ;Экономика;Бакалавр
1638745;Высшее образование;НИУ ВШЭ;Экономика;Магистр
1639128;Высшее образование;МГТУ НИУ;Противодействие техническим разведкам;Специалист по защите информации
1639777;Высшее образование;НИЯУ МИФИ;Автоматизированные системы обработки информации и управления;Инженер
1640944;Высшее образование;РАНХГСП РФ;Менеджмент;
1640944;Высшее образование;СПГЭкУ;;
1642130;Неполное высш.образ;РАН;Математическое моделирование, численные методы и комплексы программ;
1642130;Высшее образование;МоФТИ;Прикладные математика и физика;Магистр прикладных математики и физики
1642216;Высшее образование;МоФТИ;Прикладные математика и физика;Бакалавр прикладных математики и физики
1642721;Высшее образование;МОИУ;Менеджмент организации;Менеджер
1644055;Высшее образование;МоскИФИ;Вычислительные машины, комплексы, системы и сети;Инженер
1644892;Высшее образование;ФУП РФ;Финансы и кредит;Экономист
1648457;Высшее образование;НИУ МИЭТ;Многоканальные телекоммуникационные системы;Инженер
1648457;Высшее образование;МГУ им.Ломоносова;Математика. Компьютерные науки;Магистр математики
1648660;Высшее образование;ОИАЭ;Атомные электрические станции и установки;Инженер
1649674;Высшее образование;МГУ им.Ломоносова;Механика;Механик, математик
1649674;Высшее образование;ФУП РФ;Финансы и кредит;Экономист
1649674;Повышение квалиф-ии;МГУ им.Ломоносова;;
1651571;Высшее образование;ННИГУ;Прикладная математика и информатика;Бакалавр
1651964;Высшее образование;МГУ им.Ломоносова;Математика, прикладная математика;Математик
1651964;Высшее образование;РЭШ;Экономика;Магистр экономики
1652276;Высшее образование;МГУ им.Ломоносова;Прикладная математика и информатика;Математик, системный программист
1653123;Высшее образование;УнИннополис;;
1653368;Высшее образование;ЮРГТУ;Вычислительные машины, комплексы, системы и сети;Инженер
1653368;Высшее образование;МФУС;Финансы и кредит;Экономист
1653521;Высшее образование;МГУ им.Ломоносова;;
1653694;Высшее образование;МоскИФИ;;
1653823;Высшее образование;НИУ ВШЭ;;
1654801;Неполное высш.образ;НИУ ВШЭ;Прикладная математика и информатика;
1654801;Высшее образование;НИУ ВШЭ;Экономика;
1654801;Высшее образование;НИУ ВШЭ;Прикладная математика и информатика;Магистр
1654908;Высшее образование;МоГИЭМ;;
1655837;Высшее образование;МГТУ Баумана;;
1655837;Высшее образование;МГТУ Баумана;;
1656145;Высшее образование;ДГТУ;;
1656551;Высшее образование;АФСБ РФ;;
1656718;Высшее образование;АТСО;Юриспруденция;Юрист
1656837;Высшее образование;СПГПУ;;
1656891;Высшее образование;МоГОУ;;
1657141;Высшее образование;ГУ-ВШЭ;;
1657953;Высшее образование;РоЭА;;
1658660;Высшее образование;ВоронежГУ;;
1658797;Высшее образование;НоГУ;;
1658797;Высшее образование;ННИГУ;;
1659095;Высшее образование;МоскИФИ;;
1661101;Высшее образование;УрГУ;;
1664912;Высшее образование;МФТИ;Прикладная математика и физика;
1664912;Высшее образование;МФТИ;Прикладная математика и физика;
1666015;Высшее образование;МГУ им.Ломоносова;Прикладная математика и информатика;
1666015;Высшее образование;МГУ им.Ломоносова;Прикладная математика и информатика;
1666071;Высшее образование;УлГТУ;Самолето- и вертолетостроение;Инженер
1666107;Среднее общее образ;;;
1666107;Высшее образование;МАИНИУ;Прикладная математика;Бакалавр
1666659;Высшее образование;МГУ им.Ломоносова;Экономика;
1666659;Высшее образование;МГУ им.Ломоносова;Экономика;
1667412;Высшее образование;РГСУ;Комплексная защита объектов информации;
1668149;Среднее общее образ;Школа 2089 г.Москва*;;
1668149;Высшее образование;ФУП РФ;Прикладная информатика;Бакалавр
1668558;Среднее общее образ;МБОУ Школа №7;;
1668558;Неполное высш.образ;ВАВТМР;;
1668558;Высшее образование;ВАВТМР;Юриспруденция;Бакалавр
1668754;Высшее образование;МГУЭСИ;;
1668855;Высшее образование;РосГГУ;;
1669835;Высшее образование;СПГУ;Прикладная математика и информатика;
1669850;Высшее образование;МГУ им.Ломоносова;Математика;
1670581;Высшее образование;НовоГТУ;;
1670581;Высшее образование;НовоГТУ;;
1670906;Высшее образование;МоФТИ;;
1670906;Высшее образование;МоФТИ;;
1671303;Высшее образование;НИУ ВШЭ;Информатика и вычислительная техника;
1671521;Высшее образование;МГУ им.Ломоносова;;
1674170;Высшее образование;МГИРЭА;;
1674171;Высшее образование;МосИЭМ;Проектирование и технология радиоэлектронных средств;Радиоинженер-конструктор-технолог
1674172;Высшее образование;НИУ МЭИ;;
1674620;Высшее образование;НИУ ВШЭ;Прикладная математика и информатика;Бакалавр
1674861;Высшее образование;МГТУ Баумана;;
1674861;Высшее образование;МГТУ Баумана;Конструирование и технология электронных средств;Магистр
1675195;Высшее образование;СаГУПС;Информационные системы и технологии;Инженер
1675402;Неполное высш.образ;НИЯУ МИФИ;Ядерные физика и технологии;
1675402;Высшее образование;НИЯУ МИФИ;;
1677450;Высшее образование;НоГУ;Физика;Магистр
1677581;Высшее образование;СамГАУ;Техническая эксплуатация летательных аппаратов и двигателей;
1677581;Высшее образование;СамГАУ;;
1677731;Высшее образование;МГУ им.Ломоносова;Прикладная математика и информатика;Математик, системный программист
1677853;Высшее образование;МФТИ;Прикладные математика и физика;
1678134;Высшее образование;НГУ;Фундаментальная радиофизика и физическая электроника;
1678994;Высшее образование;СаПИМ;Газотурбинные, паротурбинные установки и двигатели;
1679787;Высшее образование;РАНХГСП РФ;;
1679787;Высшее образование;МГУ ИВЯ;Фундаментальная радиофизика и физическая электроника;Физик
1679956;Среднее общее образ;Лицей г.Арзамаса;;
1679956;Высшее образование;СПГУ;Бизнес-информатика;Бакалавр
1682637;Высшее образование;БашГУ;Экономика и социология труда;
1684566;Высшее образование;МоГИЭМ;Математические методы и исследование операций в экономике;
1685015;Высшее образование;МоскоАИ;Биотехнические системы и технологии;Бакалавр
1685015;Высшее образование;МоскоАИ;;
1687004;Высшее образование;НИУ МЭИ;Управление в технических системах;
1687331;Высшее образование;СПГАСЭ;Финансы и кредит;Экономист
1688304;Высшее образование;МГТУ Баумана;Прикладная математика;
1688304;Высшее образование;РЭШ;;
1690767;Высшее образование;ФУП РФ;Прикладная математика и информатика;Магистр
1690767;Высшее образование;ФУП РФ;Прикладная математика и информатика;Бакалавр
1692127;Высшее образование;МГУЭСИ;Экономика;Бакалавр
1693744;Высшее образование;МФТИ;Прикладные математика и физика;Бакалавр прикладных математики и физики
1693744;Высшее образование;МФТИ;Прикладные математика и физика;Магистр прикладных математики и физики
1695195;;;;
1695433;Высшее образование;НИУ ВШЭ;Прикладная математика и информатика;
1695604;Высшее образование;СиГМУ;Медицинская кибернетика;Врач-кибернетик
1696317;Высшее образование;МГУ им.Ломоносова;Математика;Математик
1696317;Высшее образование;СколИНТ;;
1697500;Высшее образование;МГУ им.Ломоносова;Экономика;
1698314;Высшее образование;ВолгогГТУ;Менеджмент;Бакалавр
1698314;Высшее образование;ВолгогГТУ;Менеджмент организации;Менеджер
1699732;Высшее образование;НИУ МЭИ;Управление в технических системах;Магистр
1699754;Высшее образование;РУДН;Прикладная математика и информатика;Бакалавр
1700413;Неполное высш.образ;МГУ им.Ломоносова;;
1700413;Высшее образование;МГУ им.Ломоносова;Прикладная математика и информатика;
1700701;Высшее образование;НИЯУ МИФИ;Информационная безопасность;
1700701;Высшее образование;НИЯУ МИФИ;Информационная безопасность;Магистр
1700832;Высшее образование;МГУ им.Ломоносова;;
1701156;Высшее образование;МГУ им.Ломоносова;Прикладная математика и информатика;
1701156;Послевузовское образ;МГУ им.Ломоносова;;
1701341;Высшее образование;СПУЭФ;Мировая экономика;
1701341;Послевузовское образ;НЙУ;;
1701691;Среднее общее образ;Лицей;;
1702672;Высшее образование;СПГУ;Прикладная математика и информатика;
1702755;Высшее образование;МГТУ Баумана;Прикладная математика;Бакалавр
1702755;Высшее образование;МГТУ Баумана;Прикладная математика;
1703805;Высшее образование;МГУ им.Ломоносова;Фундаментальная информатика и информационные технологии;Бакалавр
1703805;Высшее образование;МГУ им.Ломоносова;;
1703829;Среднее общее образ;Щёлковская гимназия;;
1703829;Высшее образование;МГУ им.Ломоносова;;
1705135;Высшее образование;МФТИ;Прикладная математика и физика;
1706057;Высшее образование;МГТУ Баумана;Биотехнические системы и технологии;
1706741;Высшее образование;;Автоматизация технологических процессов и производств;Инженер
1706741;Высшее образование;;Информатика;
1707090;Высшее образование;УОТКЗПИ;Технология машиностроения, металлорежущие станки и инструменты;Инженер-механик
1707447;Высшее образование;ФГБОУВПО УГГУ;Автоматизированные системы обработки информации и управления;
1707762;Высшее образование;МПГУ;Социология;Магистр
1708023;Высшее образование;НИУ ВШЭ;Прикладная математика и информатика;
1708913;Высшее образование;УГГУ;Шахтное и подземное строительство;
1708913;Высшее образование;УФУ им.Б.Н.Ельцина;финансы и кредит;
1711364;;;;
1711366;Высшее образование;МГТУ Баумана;Автономные информационные и управляющие системы;Инженер
1711366;Послевузовское образ;МГТУ Баумана;Информатика и вычислительная техника;
1711372;Высшее образование;ЮРГТУ;Автоматизированные системы обработки информации и управления;
1711518;Высшее образование;МГТУ Баумана;Проектирование и технология электронно-вычислительных средств;Инженер
1711642;Высшее образование;БФУ;Математика. Прикладная математика;
1711642;Высшее образование;БФУ;Математика. Прикладная математика;
1712956;Неполное высш.образ;ВШЭ;Прикладная математика и информатика;
1712956;Высшее образование;ВШЭ;Экономика;
1713520;Среднее общее образ;СОШ №315;;
1713520;Неполное высш.образ;МГУ им.Ломоносова;;
1714432;Высшее образование;МГУ им.Ломоносова;Прикладная математика и информатика;Математик, системный программист
1714570;Высшее образование;МГТУ Баумана;Машины и технология высокоэффективных процессов обработки материалов;Инженер
1714798;Высшее образование;МоскАИ;Ракетные двигатели;
1714830;Высшее образование;МГТУ Баумана;Металлорежущие станки и инструменты;Инженер
1715080;Высшее образование;НИУ ВШЭ;Прикладная математика и информатика;Магистр
1716651;Высшее образование;НИУ ВШЭ;Бизнес-информатика;
1716651;Высшее образование;НИУ ВШЭ;Бизнес-информатика;
1717149;Высшее образование;УрФУ;Информационные системы и технологии;Бакалавр
1717451;Среднее проф.образ;МТК;Программное обеспечение вычислительной техники и автоматизированных систем;
1717451;Высшее образование;МоФТИ;Прикладная математика и физика;
1717451;Высшее образование;МоФТИ;Прикладная математика и информатика;
1717673;Высшее образование;ПНИПУ;Динамика и прочность машин;Инженер
1717956;Высшее образование;МГУ им.Ломоносова;Прикладная математика и информатика;Бакалавр
1718550;Высшее образование;МГУ им.Ломоносова;Механика;Механик
1719041;Высшее образование;НИЯУ МИФИ;;
1719755;Высшее образование;МГУ им.Ломоносова;Математика;Математик
1720262;Среднее проф.образ;КАР №27 г.Москва;Техническое обслуживание и ремонт радиоэлектронной техники;Техник
1720262;Высшее образование;МТУСИ;Информационные системы и технологии;Инженер
1721418;Высшее образование;МагГТУ;Промышленная электроника;
1721418;Высшее образование;МГУ им.Ломоносова;Прикладная математика и информатика;
1721810;Высшее образование;УГУ;Математические методы в экономике;
1721810;Послевузовское образ;УГУ;Экономика;
1721810;Повышение квалиф-ии;Цифровая экономика;;
1723052;Высшее образование;НИУ ВШЭ;Менеджмент;
1724242;Высшее образование;МоФТИ;Прикладные математика и физика;
1724242;Высшее образование;МоФТИ;Прикладные математика и физика;
1725973;Среднее общее образ;Гимназия№1584 г.Моск;;
1725973;Высшее образование;МГТУ НИУ;Прикладная математика и информатика;Бакалавр
1727432;Высшее образование;;Прикладная информатика (в экономике);Информатик-экономист
1727463;Высшее образование;АФСБ РФ;Информационно-аналитические системы безопасности;Специалист по безопасности
1728808;Высшее образование;МГУ им.Ломоносова;Экономика;Бакалавр экономических наук
1728808;Высшее образование;МГУ им.Ломоносова;Экономика;Магистр
1730406;Высшее образование;МГУ им.Ломоносова;Механика;Механик
1730748;Высшее образование;МГУ им.Ломоносова;Физика (ОКСО);
1730967;Высшее образование;НИУ ВШЭ;Информатика и вычислительная техника;
1731197;Высшее образование;МГТУ Баумана;Вычислительные машины, комплексы, системы и сети;Инженер
1732393;Высшее образование;ВАРВСН;Прикладная математика;
1732792;Высшее образование;МГТУ Баумана;Математика и информатика;Бакалавр
1733620;Высшее образование;МоФТИ;Прикладная математика и физика;Бакалавр прикладных математики и физики
1733620;Высшее образование;МоФТИ;Прикладная математика и физика;Магистр прикладных математики и физики
1733620;Высшее образование;НИУ ВШЭ;Экономика;Магистр
1735925;Высшее образование;МГУ им.Ломоносова;Механика и математическое моделирование;Магистр
1736941;Среднее общее образ;Лиц1557;;
1736941;Высшее образование;МФТИ;Прикладные математика и физика;Бакалавр прикладных математики и физики
1736941;Высшее образование;МФТИ;Прикладные математика и физика;Магистр прикладных математики и физики
1738522;Высшее образование;МГУ им.Ломоносова;География;Географ
1738535;Высшее образование;МГУ им.Ломоносова;Физика;
1738535;Высшее образование;МГУ им.Ломоносова;Экономика;
1738738;Высшее образование;СПГУ;Программная инженерия;Бакалавр
1738752;Среднее проф.образ;СПКУЭАЛ;Иностранный язык;Учитель иностранного языка начальной и основной общеобразовательной школы
1738792;Высшее образование;ВоеннИКА;Математическое обеспечение автоматизированных систем управления;
1739415;Высшее образование;МАИНИУ;Прикладная математика и информатика;Математик, системный программист
1739431;Высшее образование;НИУ ВШЭ;Банковское дело;
1739431;Высшее образование;НИУ ВШЭ;Финансы и кредит;
1739459;Высшее образование;ПГСГА;Лингвистика;Бакалавр
1739459;Высшее образование;НИУ ВШЭ;Прикладная лингвистика;
1739478;Высшее образование;МоФТИ;Прикладная математика и физика;Бакалавр прикладных математики и физики
1739478;Высшее образование;ГУ-ВШЭ;Бизнес-информатика;Магистр бизнес-информатики
1740607;Высшее образование;МГУИЭ;Машины и аппараты химических производств;Инженер
1740765;Высшее образование;СПбПУ;Программная инженерия;Бакалавр
1740956;Среднее общее образ;АНОО ЛГ Виктория МО;;
1741227;Высшее образование;МуГТУ;Юриспруденция;Юрист
1741987;Среднее общее образ;МОУ Удельнинская г-я;;
1741987;Высшее образование;ГУУ;Прикладная математика и информатика;Бакалавр
1741991;Высшее образование;МГУ им.Ломоносова;Математика. Прикладная математика;Математик
1741991;Повышение квалиф-ии;МГУ им.Ломоносова;;
1742015;Высшее образование;ФУП РФ;Прикладная математика и информатика;
1742356;Высшее образование;МоФТИ;Прикладные математика и физика;Бакалавр
1742821;Высшее образование;РГРУ;Информационные системы;Бакалавр
1742821;Высшее образование;РГРУ;Информационные системы и технологии;Инженер
1742821;Высшее образование;РГРУ;Информационные системы и технологии;
1742966;Высшее образование;МоФТИ;Прикладные математика и физика;
1742973;Высшее образование;МоскоАИ;Экономика и управление на предприятии (по отраслям);Инженер-экономист
1743417;Высшее образование;ИЖЛТ;Журналистика;Журналист
1743729;Высшее образование;БГУИР;Вычислительные машины, системы и сети;Инженер-системотехник
1743821;Высшее образование;Университет г.Марибо;Юриспруденция;Юрист
1747704;Высшее образование;РАНХГСП РФ;Экономика;Бакалавр
1747770;Высшее образование;УрФУ;Информатика и вычислительная техника;Бакалавр
1747788;Высшее образование;МГУ им.Ломоносова;Прикладная математика и информатика;Магистр
1747804;Высшее образование;НИУ ВШЭ;;
1747811;Высшее образование;НИУ ВШЭ;Экономика;Бакалавр
1748742;Высшее образование;СамГЭУ;Экономика;Бакалавр
1748742;Высшее образование;РАНХГСП РФ;Менеджмент;Магистр
1748742;Высшее образование;СамГЭУ;Государственное и муниципальное управление;Магистр
1748742;Повышение квалиф-ии;СамГЭУ;;
1748747;Высшее образование;МГТУС;Информатика и вычислительная техника;Бакалавр
1748747;Высшее образование;МГТУС;Программное обеспечение вычислительной техники и автоматизированных систем;Инженер
1748747;Повышение квалиф-ии;ВШЭ;;
1749201;Высшее образование;НИУ ВШЭ;Экономика;
1753039;Высшее образование;МГТУ Баумана;Информатика и вычислительная техника;Бакалавр
1754182;Высшее образование;МГУ им.Ломоносова;Прикладная математика и информатика;Математик, системный программист
1756708;Высшее образование;МГУ им.Ломоносова;Математика, прикладная математика;Математик
1756774;Высшее образование;МГУ им.Ломоносова;Прикладная математика и информатика;Бакалавр
1756782;Высшее образование;МГТУ Баумана;Прикладная математика;
1757247;Среднее общее образ;Лицей №2;;
1760046;Среднее общее образ;СОШ 29;;
1760046;Высшее образование;СПГУАП;Прикладная информатика;
1760561;Среднее общее образ;СШ №68 г.Липецк;;
1761530;Высшее образование;МФТИ;Прикладные математика и физика;Бакалавр прикладных математики и физики
1761530;Высшее образование;МФТИ;Прикладные математика и физика;Магистр
1761612;Высшее образование;МГИУ;Прикладная математика и информатика;Бакалавр
1761612;Высшее образование;МГИУ;Математическое обеспечение и администрирование информационных систем;Математик-программист
1762035;Высшее образование;МГТУ Баумана;Приборы и системы ориентации, стабилизации и навигации;Инженер
1762035;Высшее образование;МФЮУ;Юриспруденция;Юрист
1762443;Высшее образование;ФУП РФ;экономика;
1764255;Неполное высш.образ;МГУ им.Ломоносова;Фундаментальные математика и механика;
1764255;Высшее образование;МГУ им.Ломоносова;Фундаментальные математика и механика;Математик. Механик. Преподаватель
1764840;Среднее проф.образ;ОрлПК;Информатика;Учитель информатики основной общеобразовательной школы
1764840;Высшее образование;ВятГГУ;Прикладная математика и информатика;Математик, системный программист
1765046;Среднее общее образ;Средняя школа №8;;
1766460;Высшее образование;СПГУ;психология;
1766711;Высшее образование;МПГУ;Лингвистика;Магистр лингвистики
1767409;Высшее образование;ОреГУ;Бизнес-информатика;Бакалавр
1768131;Высшее образование;МоФТИ;Прикладные математика и физика;Магистр прикладных математики и физики
1768150;Высшее образование;МФТИ;Прикладные математика и физика;Бакалавр прикладных математики и физики
1768150;Высшее образование;МФТИ;Прикладные математика и физика;Магистр прикладных математики и физики
1768229;Высшее образование;ФУП РФ;Бизнес-информатика;Бакалавр
1769865;Среднее проф.образ;ККЭП;Информационная безопасность автоматизированных систем;
1771090;Высшее образование;ОГУПС;Информационная безопасность телекоммуникационных систем;Специалист по защите информации
1771446;Высшее образование;МГУПС;Программное обеспечение вычислительной техники и автоматизированных систем;Инженер
1771846;Высшее образование;ГУУ;Экономика;Бакалавр
1772134;Высшее образование;МГУ им.Ломоносова;Прикладная математика и информатика;Бакалавр
1772521;Высшее образование;ННИГУ;Прикладная математика и информатика;Магистр
1774307;Высшее образование;НИУ ВШЭ;Менеджмент;
1774307;Высшее образование;НИУ ВШЭ;Менеджмент;
1774336;Высшее образование;БашГУ;Филология (ОКСО);"Филолог; Преподаватель"
1774448;Высшее образование;ЮФУ;Прикладная информатика (в экономике);Информатик-экономист
1774628;Высшее образование;МФТИ(НИУ);Прикладные математика и физика;Бакалавр
1775700;Высшее образование;МГУ им.Ломоносова;Прикладная математика и информатика;Математик, системный программист
1776070;Высшее образование;БГТУВ;Информатика и вычислительная техника;Бакалавр техники и технологии
1776070;Высшее образование;БГТУВ;Информатика и вычислительная техника;Магистр
1776497;Высшее образование;ПерГосУ;Бухгалтерский учет и аудит;Экономист
1776497;Послевузовское образ;ПерГосУ;;
1776497;Повышение квалиф-ии;АНО ДПО КУС;;
1776581;Неполное высш.образ;МоскоАИ;;
1776619;Высшее образование;ИГУ;Радиофизика и электроника;Радиофизик
1777709;Среднее общее образ;Школа им.А.Н.Колмог.;;
1778149;Высшее образование;МГУ им.Ломоносова;Прикладные математика и физика;Магистр
1778919;Высшее образование;МАИНИУ;Прикладная математика;Бакалавр
1778969;Высшее образование;НИУ ВШЭ;Бизнес-информатика;Бакалавр бизнес-информатики
1778969;Высшее образование;НИУ ВШЭ;Бизнес-информатика;Магистр
1778977;Высшее образование;МГУ им.Ломоносова;Прикладная математика и информатика;Математик, системный программист
1779281;Высшее образование;РЭУ;Прикладная математика и информатика;Бакалавр
1779421;Высшее образование;СПГУ;Политология;Политолог
1780411;Высшее образование;МГУ им.Ломоносова;Математика;Математик
1780417;Высшее образование;НИЯУ МИФИ;Прикладные математика и физика;Магистр
1780595;Высшее образование;РЭУ;Прикладная математика и информатика;Бакалавр
1780714;Высшее образование;МУПК;Юриспруденция;Юрист
1780856;Среднее общее образ;СОШ №1726;;
1780856;Высшее образование;РАНХГСП РФ;Экономика;Бакалавр
1780856;Высшее образование;РАНХГСП РФ;Менеджмент;Магистр
1780999;Высшее образование;ННИГУ;Прикладная математика и информатика;Бакалавр
1780999;Высшее образование;РАНХГСП РФ;Менеджмент;
1781465;Высшее образование;МоФТИ;Прикладные математика и физика;Бакалавр
1781465;Высшее образование;МоФТИ;Прикладные математика и физика;Магистр прикладных математики и физики
1781811;Высшее образование;МТУСИ;Инфокоммуникационные технологии и системы связи;Бакалавр
1781820;Высшее образование;МГУ им.Ломоносова;Прикладная математика и информатика;Бакалавр
1781820;Высшее образование;МГУ им.Ломоносова;Прикладная математика и информатика;Магистр
1781973;Высшее образование;МГУ им.Ломоносова;Прикладная математика и информатика;Математик-системный программист
1782113;Высшее образование;МГУ им.Ломоносова;Математика;Математик
1782125;Высшее образование;НИУ ВШЭ;Бизнес-информатика;Бакалавр
1782722;Высшее образование;РЭУ;Прикладная математика и информатика;
1783470;Высшее образование;МГУ им.Ломоносова;Физика;Бакалавр
1783646;Высшее образование;МоФТИ;Прикладные математика и физика;Бакалавр прикладных математики и физики
1783646;Высшее образование;МоФТИ;Прикладные математика и физика;Магистр
1783646;Послевузовское образ;МФТИ;Физика и астрономия;
1783692;Высшее образование;МГОУ;Управление и информатика в технических системах;Инженер
1783692;Высшее образование;НИУ ВШЭ;Бизнес-информатика;Бакалавр
1784030;Высшее образование;МГУ им.Ломоносова;Фундаментальные математика и механика;Математик. Механик. Преподаватель
1784138;Высшее образование;ВологодГТУ;Экономика и управление на предприятии (по отраслям);Экономист-менеджер
1784338;Высшее образование;МГТУ Баумана;;
1784453;Высшее образование;МГУПИ;Прикладная математика в экономике;Информатик-экономист
1784911;Высшее образование;СтГАУ;Мировая экономика;Экономист
1784933;Высшее образование;ЮУГУ;Прикладная информатика (в экономике);Информатик-экономист
1784933;Высшее образование;УрГЮА;;
1784933;Послевузовское образ;ЮУГУ;;
1785152;Высшее образование;МФТИ(НИУ);Прикладные математика и физика;Бакалавр
1785190;Высшее образование;МоГИЭМ;Управление и информатика в технических системах;Инженер
1785583;Высшее образование;ЮФУ;Фундаментальная информатика и информационные технологии;Бакалавр
1785770;Высшее образование;СамГЭУ;Прикладная информатика (в экономике);Информатик-экономист
1785770;Высшее образование;СамГЭУ;Прикладная информатика;Информатик-экономист
1785770;Послевузовское образ;СамГЭУ;;
1785774;Высшее образование;НИУ ВШЭ;Прикладная математика и информатика;Бакалавр
1785785;Среднее общее образ;СОШ33имКМарксаЯрОб;;
1785936;Высшее образование;БФУ;Бизнес-информатика;Бакалавр
1785961;Среднее общее образ;Лицей4Рязань;;
1786190;Высшее образование;МГУ им.Ломоносова;Прикладная математика и информатика;Математик, системный программист
1786246;Среднее общее образ;ЛицНИнжпроф Кор;;
1786840;Высшее образование;КПФУ;Прикладная информатика;Бакалавр
1786840;Высшее образование;УнИннополис;Информатика и вычислительная техника;Бакалавр
1786840;Высшее образование;УнИннополис;Информатика и вычислительная техника;Магистр
1787055;Среднее общее образ;Шк1207УглМосква;;
1787408;Высшее образование;НИУ МЭИ;Информационная безопасность;
1787621;Высшее образование;НИУ ВШЭ;Экономика;
1787688;Высшее образование;МоГИМО;Экономика;
1788336;Высшее образование;СППГУ;Менеджмент;Бакалавр
1788336;Высшее образование;РЭШ;Экономика;Магистр
1788512;;;;
1788651;Высшее образование;КФУ;Математические методы в экономике;Экономист-математик
1788657;Высшее образование;МГТУ Баумана;Программная инженерия;Магистр
1788693;Высшее образование;МФТИ;Прикладная математика и физика;Бакалавр прикладных математики и физики
1788693;Высшее образование;МФТИ;Прикладная математика и физика;Магистр прикладных математики и физики
1788706;Высшее образование;РГСУ;Автоматизированные системы обработки информации и управления;Инженер
1788995;Высшее образование;МФТИ;Прикладные математика и физика;
1788995;Высшее образование;НИУ ВШЭ;Менеджмент;
1789214;Высшее образование;МГТУ НИУ;Информационные системы и технологии;Бакалавр
1789643;Высшее образование;НИУ ВШЭ;Экономика;
1789911;Высшее образование;ГУУ;Управление персоналом;Менеджер
1789992;Среднее общее образ;Лиц5;;
1789992;Высшее образование;МоФТИ;Прикладные математика и физика;Бакалавр прикладных математики и физики
1789992;Высшее образование;МоФТИ;Прикладные математика и физика;Магистр
1790445;Высшее образование;НИУ ВШЭ;Банковское дело;
1790920;Высшее образование;ФУП РФ;Менеджмент;
1791056;Высшее образование;МоФТИ;Прикладные математика и физика;Бакалавр
1791066;Высшее образование;МГТУ Баумана;Проектирование, производство и эксплуатация ракет и ракетно-космических комплексов;Инженер
1791158;Высшее образование;МГУ им.Ломоносова;Прикладная математика и информатика;Магистр
1791833;Высшее образование;МГИРЭА;Управление и информатика в технических системах;Инженер
1792038;Среднее общее образ;Лицей №1533 г.Москва;;
1792297;Высшее образование;МГИЭМ;Прикладная математика;Математик-инженер
1792297;Послевузовское образ;МГИЭМ;Технические науки;
1792302;Высшее образование;ГУ-ВШЭ;Менеджмент организации;Менеджер
1792494;Высшее образование;МИФИ;Комплексное обеспечение информационной безопасности автоматизированных систем;Специалист по защите информации
1792560;Среднее общее образ;Гимназия №1 Чебоксар;;
1792560;Высшее образование;МГУ им.Ломоносова;Фундаментальные математика и механика;Математик. Механик. Преподаватель
1792565;Высшее образование;НИУ ВШЭ;Фундаментальная и прикладная лингвистика;Бакалавр
1792586;Высшее образование;ДонсГТУ;Мехатроника;
1792586;Высшее образование;РеФЭИ г.Курск;Менеджмент организации;
1792586;Высшее образование;РГЭУ;Экономика;
1792707;Среднее общее образ;Лиц1581;;
1792756;Высшее образование;НИЯУ МИФИ;Электроника и автоматика физических установок;Инженер-физик
1792780;Высшее образование;ФУП РФ;Прикладная математика и информатика;Бакалавр
1792980;Высшее образование;РГУПС;Информационные системы и технологии;Инженер
1793164;Высшее образование;СамГТУ;Автоматизированные системы обработки информации и управления;Инженер
1793389;Высшее образование;НИУ ВШЭ;Бизнес-информатика;Бакалавр
1793400;Высшее образование;НИУ ВШЭ;Прикладная математика и информатика;Магистр
1793400;Высшее образование;НИУ ВШЭ;Прикладная математика и информатика;Бакалавр
1793884;Высшее образование;МоГСУ;;
1793884;Повышение квалиф-ии;Нетология-Групп;;
1793889;Высшее образование;МГУ им.Ломоносова;Фундаментальная радиофизика и физическая электроника;Физик
1793889;Послевузовское образ;;;
1793908;Высшее образование;МГУ им.Ломоносова;Прикладная математика и информатика;Бакалавр
1793908;Высшее образование;СИНиТ;Математика и компьютерные науки;Магистр
1793908;Высшее образование;НИУ ВШЭ;Прикладная математика и информатика;Магистр
1794336;Высшее образование;МГУ им.Ломоносова;Физика;
1794479;Среднее общее образ;СОШ146углПермь;;
1794616;Высшее образование;ВоронежГУ;Менеджмент;Экономист
1794693;Высшее образование;МФТИ(НИУ);Прикладные математика и физика;Бакалавр
1794701;Высшее образование;НИЯУ МИФИ;Прикладная математика и информатика;Бакалавр
1794701;Высшее образование;НИУ ВШЭ;Математика;
1794737;Высшее образование;МоФТИ;Прикладная математика и физика;Бакалавр
1794737;Высшее образование;МоФТИ;Прикладная математика и физика;Магистр
1795589;Высшее образование;ФУП РФ;Прикладная математика и информатика;Магистр
1795617;Высшее образование;МГТУ Баумана;Прикладная математика;Инженер-математик
1795617;Повышение квалиф-ии;МоскАИ;;
1795621;Высшее образование;МФТИ;Прикладная математика и физика;Инженер-математик
1795640;Высшее образование;УрФУ;Радиотехника;Бакалавр техники и технологии
1795678;Высшее образование;КНИТУИА;Информатика и вычислительная техника;Бакалавр
1795796;Высшее образование;МоФТИ;Прикладные математика и физика;Магистр
1796099;Высшее образование;МГУ им.Ломоносова;Физика;Бакалавр
1796099;Высшее образование;МГУ им.Ломоносова;Физика;Магистр
1796324;Высшее образование;МТУ;Прикладная математика;Бакалавр
1796324;Высшее образование;НИУ МЭИ;Роботы и робототехнические системы;Инженер
1796361;Среднее общее образ;СОШ №1018;;
1796378;Высшее образование;МФТИ(НИУ);Прикладные математика и физика;Магистр
1796378;Высшее образование;МоФТИ;Прикладные математика и физика;Бакалавр
1796386;Высшее образование;НИЯУ МИФИ;Комплексное обеспечение информационной безопасности автоматизированных систем;Специалист по защите информации
1796473;Высшее образование;СиГУПС;Информационные системы и технологии;Инженер
1796474;Высшее образование;ЯроГУ;;
1796474;Высшее образование;ЯроГУ;Фундаментальная информатика и информационные технологии;
1797641;Высшее образование;МГОУ;Программное обеспечение вычислительной техники и автоматизированных систем;Инженер
1798237;Среднее общее образ;СОШ №2;;
1798237;Высшее образование;УрФУ;Атомные станции: проектирование, эксплуатация и инжиниринг;Инженер-физик
1798382;Высшее образование;ГУ-ВШЭ;Экономика;Магистр
1798427;Высшее образование;ННИГУ;Химия;Химик
1798427;Высшее образование;НИУ ВШЭ;Прикладная математика и информатика;Магистр
1798516;Высшее образование;ТиГУ;Информационные системы и технологии;Инженер
1798961;Высшее образование;НИУ ВШЭ;Прикладная математика и информатика;Магистр
1798961;Высшее образование;НИУ ВШЭ;Информатика и вычислительная техника;
1799039;Высшее образование;НИУ ВШЭ;Экономика;Бакалавр
1799039;Высшее образование;МАДГТУ;Инженерная защита окружающей среды;Инженер-эколог
1800715;Высшее образование;МГУ им.Ломоносова;Математика;
1800833;Высшее образование;МоФТИ;Прикладные математика и физика;Бакалавр прикладных математики и физики
1800833;Высшее образование;МоФТИ;Прикладные математика и физика;Магистр прикладных математики и физики
1801004;Высшее образование;НовоГТУ;Информационные технологии;
1801004;Высшее образование;НовоГТУ;Прикладная математика и информатика;Бакалавр прикладной математики и информатики
1801004;Послевузовское образ;НовоГТУ;Информатика и вычислительная техника;Исследователь. Преподаватель-исследователь
1801004;Повышение квалиф-ии;НовоГТУ;;
1801658;Высшее образование;РУДН;Математика, прикладная математика;Бакалавр математики
1801658;Высшее образование;НИУ ВШЭ;Финансы и кредит;Магистр
1802287;Высшее образование;НИУ ВШЭ;Информатика и вычислительная техника;Бакалавр
1802306;Высшее образование;КПФУ;Прикладная информатика;Бакалавр
1802306;Высшее образование;КПФУ;Фундаментальная информатика и информационные технологии;
1802982;Высшее образование;ГУ-ВШЭ;Экономика;Бакалавр экономики
1802989;Высшее образование;НИУ ВШЭ;Фундаментальная и прикладная лингвистика;Бакалавр
1803452;Высшее образование;ТоГУСУР;Электроника и наноэлектроника;
1803835;Высшее образование;МГИЭТ ИЭУ;Электроника и микроэлектроника;Бакалавр техники и технологии
1803835;Высшее образование;МГИЭТ ИЭУ;Электроника и микроэлектроника;Магистр техники и технологии
1803840;Высшее образование;НИТГУ;Лингвистика;Бакалавр
1803840;Высшее образование;НИТГУ;Фундаментальная и прикладная лингвистика;Магистр
1804251;Высшее образование;МГАУ;Электрификация и автоматизация сельского хозяйства;Инженер
1804252;Высшее образование;МГУ им.Ломоносова;Фундаментальные математика и механика;Математик. Механик. Преподаватель
1804299;Высшее образование;МГУ им.Ломоносова;Механика. Прикладная математика;Механик
1804299;Повышение квалиф-ии;ЦООНетология;;
1804312;Высшее образование;СИНиТ;Математика и компьютерные науки;Магистр
1804312;Высшее образование;МФТИ;Прикладные математика и физика;Магистр
1804642;Высшее образование;ФУП РФ;Финансы и кредит;Экономист
1804642;Повышение квалиф-ии;РЭУ;;
1804797;Высшее образование;МоФТИ;Прикладные математика и физика;Магистр прикладных математики и физики
1805406;Высшее образование;НИТУ МИСиС;Информационные системы и технологии;Бакалавр
1805670;Высшее образование;МФУС;Информационные системы и технологии;Бакалавр
1805730;Высшее образование;МФТИ;Прикладная математика и физика;
1805834;Высшее образование;НИУ ВШЭ;Экономика;Бакалавр
1806418;Высшее образование;МГУ им.Ломоносова;Прикладная математика и информатика;Математик, системный программист
1806539;Высшее образование;НИУ ВШЭ;Прикладная математика и информатика;Магистр математики и информатики
1806539;Высшее образование;АФСБ РФ;Радиоэлектронные системы;Инженер
1806786;Высшее образование;МГУ им.Ломоносова;Прикладная математика и информатика;Бакалавр
1806786;Высшее образование;НИУ ВШЭ;Экономика;Магистр
1806798;Высшее образование;ИрНСТУ;Электроэнергетика и электротехника;Магистр
1806798;Высшее образование;ИГУПС;Электроснабжение железных дорог;Инженер путей сообщения
1806798;Послевузовское образ;ИГУПС;;
1807705;Высшее образование;СПГЭУ;Нанотехнология;
1807870;Высшее образование;ВШЭ;Экономика;Бакалавр
1807883;Высшее образование;ГУУ;Менеджмент;Менеджер
1807895;Высшее образование;МГУЭСИ;Статистика;Экономист
1808186;Высшее образование;МГУ им.Ломоносова;Прикладная математика и информатика;Математик, системный программист
1808193;Высшее образование;МГТУ Баумана;Прикладная механика;Бакалавр механики
1808471;Высшее образование;СПГПУ;Радиотехника;Бакалавр техники и технологии
1808471;Высшее образование;СПНИУИТМО;Инфокоммуникационные технологии и системы связи;Магистр
1808703;Среднее общее образ;СОШ №32;;
1808966;Высшее образование;ВШЭ;Экономика;Бакалавр
1809023;;;;
1809283;Высшее образование;НГТУ;Теплоэнергетика и теплотехника;
1809362;Высшее образование;МФТИ;Прикладная математика и информатика;Бакалавр
1809384;Высшее образование;МГУ им.Ломоносова;Прикладная математика и информатика;Бакалавр
1809384;Высшее образование;НИУ ВШЭ;Экономика;
1809710;Высшее образование;МГТУ НИУ;Оптотехника;Бакалавр техники и технологии
1809747;Среднее проф.образ;ММК;Программное обеспечение вычислительной техники и автоматизированных систем;Техник
1809747;Высшее образование;МоскоЭИ;Управление персоналом;Менеджер
1809749;Высшее образование;МГУЭСИ;Автоматизированные системы обработки информации и управления;Инженер
1809750;Высшее образование;ГУ-ВШЭ;Бизнес-информатика;Магистр бизнес-информатики
1809764;Основное общее образ;ГГ им К.Д.Ушинского;;
1810230;Высшее образование;НИТУ МИСиС;Управление в технических системах;Магистр
1810230;Высшее образование;МоскоГГУ;Автоматизация и управление;Бакалавр техники и технологии
1810232;Высшее образование;МоФТИ;Прикладные математика и физика;Бакалавр
1810263;Высшее образование;СИНиТ;Нефтегазовое дело;
1810263;Высшее образование;СПГУ;Прикладная математика и физика;Бакалавр
1810872;Среднее общее образ;Школа им.Колмогорова;;
1810930;Высшее образование;СПГУ;Экономика;
1811045;Высшее образование;ГКА;Прикладная математика и информатика (ОКСО);Математик, системный программист
1811056;Высшее образование;ВолгоградГУ;Прикладная математика и информатика;Магистр
1811177;Среднее общее образ;Гимназия №12;;
1811177;Высшее образование;ВШЭ;Прикладная математика;Бакалавр
1811575;Высшее образование;НИУ ВШЭ;Экономика;
1811575;Высшее образование;НИУ ВШЭ;Экономика;
1811779;Среднее общее образ;Физ-мат лицей;;
1811779;Высшее образование;МоФТИ;Прикладные математика и физика;Бакалавр
1811794;Высшее образование;ННИГУ;Математика;Бакалавр математики
1811849;Высшее образование;МосЭИ;Информатика и вычислительная техника;Магистр техники и технологии
1812033;Неполное высш.образ;СПбПУ;Программная инженерия;
1812033;Высшее образование;СПбПУ;Программная инженерия;Бакалавр
1812273;Высшее образование;МГИРЭА;Оптико-электронные приборы и системы;Инженер
1812571;Среднее проф.образ;КБК №6;Экономика и бухгалтерский учет (по отраслям);Бухгалтер
1812571;Высшее образование;ГУМФ РФ;Финансы и кредит;Экономист
1812573;Высшее образование;ННИГУ;Экономика;Бакалавр экономики
1812573;Высшее образование;НИУ ВШЭ;Экономика;Магистр экономики
1812800;Высшее образование;СПГЭУ;Радиотехника;
1812948;Высшее образование;МоФТИ;Прикладные математика и физика;Магистр
1812948;Высшее образование;МоФТИ;Психология (ОКСО);
1813166;Высшее образование;БГИТА;Информационные системы и технологии;Инженер
1813184;Среднее общее образ;;;
1813188;Высшее образование;ННИГУ;Экономика;Бакалавр
1813188;Высшее образование;ННИГУ;Экономика;Магистр
1813206;Высшее образование;НИУ ВШЭ;Экономика;Бакалавр
1813466;Высшее образование;СПГГИ;Экономика и управление на предприятии;Экономист-менеджер
1813507;Высшее образование;СПГПУ;Финансы и кредит;Экономист
1813507;Повышение квалиф-ии;СПГПИ;;
1813625;Высшее образование;ГУЗ;Землеустройство;Инженер
1813625;Высшее образование;ГУЗ;Юриспруденция;Бакалавр
1813625;Послевузовское образ;ГУЗ;;
1813679;Высшее образование;МФТИ(НИУ);Прикладная математика и физика;Бакалавр
1813680;Высшее образование;МГУ им.Ломоносова;Физика;Бакалавр
1813739;Высшее образование;СПГУАП;Информационная безопасность;
1813752;Высшее образование;МФТИ;Прикладные математика и физика;Бакалавр
1813893;Высшее образование;НИЯУ МИФИ;Прикладная математика;Инженер-математик
1814000;Высшее образование;РЭШ;Экономика;Магистр экономики
1814021;Высшее образование;НИУ МЭИ;Высоковольтная электроэнергетика и электротехника;Инженер
1814021;Высшее образование;МоЭИ;;
1814030;Высшее образование;МГУ им.Ломоносова;Прикладная математика и физика;
1814032;Основное общее образ;ГБОУ ЦО №654;;
1814103;Высшее образование;СПГУ;Прикладная математика;Бакалавр
1814166;Высшее образование;МГУ им.Ломоносова;Физика;Магистр
1814166;Высшее образование;МГУ им.Ломоносова;Физика;Бакалавр
1814256;Высшее образование;КРСУ;Лечебное дело;Врач
1814256;Послевузовское образ;РУДН;;
1814256;Послевузовское образ;МГМСУ;;
1814797;Высшее образование;КГАУимИТТрубилина;Экономика;Бакалавр
1814804;Высшее образование;МГТУ Баумана;Прикладная математика;Инженер-математик
1814809;Высшее образование;НИЯУ МИФИ;Прикладная математика и информатика;
1814815;Высшее образование;МАИНИУ;Радиоэлектронные системы и комплексы;Инженер
1814816;Высшее образование;МГУ им.Ломоносова;Прикладная математика и информатика;
1814823;Высшее образование;МосГГУ;;
1814823;Повышение квалиф-ии;РАНХГСП РФ;;
1814825;Высшее образование;МГУ им.Ломоносова;Экономика;
1814825;Высшее образование;РЭШ;Экономика;
1814861;Высшее образование;РАНХГСП РФ;Экономика;Бакалавр экономики
1814866;Высшее образование;РАНХГСП РФ;Экономика;Магистр экономики
1814873;Высшее образование;ФУП РФ;Прикладная математика и информатика;Бакалавр
1815065;Высшее образование;МагГТУ;Прикладная информатика;Бакалавр
1815078;Высшее образование;МГУ им.Ломоносова;Прикладная математика и информатика;Бакалавр
1815160;Высшее образование;УрФУ;Прикладная математика;Магистр математики
1815162;Высшее образование;ИМЭиИ;Государственное и муниципальное управление;Бакалавр
1815162;Высшее образование;НИЯУ МИФИ;Физика;Физик
1815162;Повышение квалиф-ии;НИУ ВШЭ;;
1815163;Высшее образование;РАНХГСП РФ;Менеджмент;
1815220;Высшее образование;ФУП РФ;Банковское дело;
1815563;Высшее образование;МГУЭСИ;Математические методы в экономике;Экономист-математик
1815624;Высшее образование;ННИГУ;Информатика и вычислительная техника;Бакалавр
1815645;Высшее образование;МГУ им.Ломоносова;Физика;Бакалавр
1815645;Высшее образование;МГУ им.Ломоносова;Прикладная математика и информатика;Магистр
1815768;Среднее общее образ;МоскГимн1543;;
1815906;Высшее образование;МГУ им.Ломоносова;Экономика;Магистр экономики
1815906;Высшее образование;МГУ им.Ломоносова;Экономика;Бакалавр экономики
1816071;Высшее образование;ФУП РФ;Математические методы в экономике;Экономист-математик
1816228;Высшее образование;ННИГУ;Прикладная математика и информатика;Бакалавр
1816353;Высшее образование;НИУ ВШЭ;Прикладная математика и информатика;Бакалавр
1816385;Высшее образование;НИУ ВШЭ;Информатика и вычислительная техника;Бакалавр
1816386;Высшее образование;МИРЭА ТУ Мск;Программная инженерия;Бакалавр
1816460;Высшее образование;МГТУ НИУ;Информатика и вычислительная техника;Бакалавр
1816578;Высшее образование;РГУНГ;Электроэнергетика и электротехника;Магистр
1816578;Высшее образование;РГУНГ;Электроэнергетика и электротехника;Бакалавр
1816590;Высшее образование;МоФТИ;Прикладные математика и физика;Бакалавр
1816596;Высшее образование;МГТУ Баумана;Конструирование и технология электронных средств;Бакалавр
1816701;Высшее образование;НИУ ВШЭ;Экономика;Бакалавр экономики
1816701;Высшее образование;НИУ ВШЭ;Экономика;Магистр экономики
1816712;Высшее образование;МоФТИ;Прикладные математика и физика;Бакалавр
1816712;Высшее образование;МоФТИ;Наукоёмкие технологии и экономика инноваций;Магистр
1816951;Высшее образование;МГУ им.Ломоносова;Прикладная математика и информатика;Математик, системный программист
1817010;Высшее образование;МоФТИ;Прикладная математика и информатика;Бакалавр
1817029;Высшее образование;МГТУ Баумана;Роботы и робототехнические системы;Инженер
1817115;Высшее образование;СамГАУ;Авиационные двигатели и энергетические установки;Инженер
1817135;Среднее общее образ;СОШ №7;;
1817283;Высшее образование;ВолгоградГУ;Прикладная математика и информатика;Бакалавр прикладной математики и информатики
1817283;Высшее образование;НИУ ВШЭ;Экономика;Магистр
1817321;Высшее образование;МГУ им.Ломоносова;Экономика;Бакалавр
1817454;;;;
1817497;;;;
1817506;Высшее образование;НИЯУ МИФИ;Ядерные физика и технологии;
1817630;Среднее общее образ;СОШ №179;;
1818105;Высшее образование;МГУ им.Ломоносова;Физика конденсированного состояния вещества;Физик
1818105;Послевузовское образ;МГУ им.Ломоносова;Физика и астрономия;
1818319;Высшее образование;КубГУ;Финансы и кредит;Экономист
1818491;Высшее образование;МоФТИ;Прикладные математика и физика;Бакалавр прикладных математики и физики
1818491;Высшее образование;МоФТИ;Прикладные математика и физика;Магистр прикладных математики и физики
1818610;Высшее образование;МГУ им.Ломоносова;Прикладная математика и информатика;Бакалавр
1818861;Высшее образование;ТулГУ;Автоматизированные системы обработки информации и управления;Инженер
1819255;Высшее образование;МГУ им.Ломоносова;Химия;Химик
1819300;Среднее общее образ;Лиц1580МГТУБ;;
1819300;Высшее образование;НИУ ВШЭ;Математика;Бакалавр
1819736;Высшее образование;МФТИ(НИУ);Прикладные математика и физика;Магистр
1819736;Высшее образование;МоФТИ;Прикладные математика и физика;Бакалавр
1819824;Высшее образование;Амер.универ. в Армен;;
1819824;Высшее образование;Герцогс. университет;;
1819963;Высшее образование;МГУ им.Ломоносова;Математика;Математик
1819993;Высшее образование;НИУ ВШЭ;Информатика и вычислительная техника;Бакалавр
1819993;Высшее образование;НИУ ВШЭ;Информатика и вычислительная техника;Магистр
1820067;Высшее образование;НИУ ВШЭ;Бизнес-информатика;Бакалавр
1820242;Высшее образование;АГЗ МЧС РФ;Инфокоммуникационные технологии и системы связи;Бакалавр
1820485;Среднее общее образ;Лиц1557;;
1820553;Высшее образование;МГТУ Баумана;Радиоэлектронные системы;Инженер
1821909;Высшее образование;МГУ им.Ломоносова;Фундаментальные математика и механика;Математик. Механик. Преподаватель
1822010;Высшее образование;МГТУ НИУ;Мехатроника и робототехника;
1822010;Высшее образование;СПГУАГ;Мехатроника и робототехника;Бакалавр
1822724;Высшее образование;МоЭИ;Прикладная математика и информатика;Бакалавр
1822724;Высшее образование;МоЭИ;Прикладная математика и информатика;Магистр
1823394;Высшее образование;СПГУ;Нефтегазовое дело;Бакалавр
1823531;Среднее общее образ;СОШ №8;;
1823929;Высшее образование;МоФТИ;Прикладная математика и физика;Магистр
1824459;Высшее образование;НИУ ВШЭ;Прикладная математика и информатика;Магистр
1824845;Высшее образование;МоФТИ;Прикладные математика и физика;Магистр
1824845;Высшее образование;МоФТИ;Прикладные математика и физика;Бакалавр
1825156;Высшее образование;РНЮФУ;Геофизика;Геофизик
1825156;Повышение квалиф-ии;УИИ;;
1825160;Высшее образование;АФСБ РФ;Вычислительные машины, комплексы, системы и сети;Инженер
1825163;Высшее образование;МоФТИ;Прикладные математика и физика;Бакалавр
1825163;Высшее образование;НИУ ВШЭ;Финансы и кредит;Магистр
1825593;Высшее образование;ННИГУ;Прикладная математика и информатика;Бакалавр
1826037;Высшее образование;АФСБ РФ;Прикладная математика и информатика;Математик, системный программист
1826040;Высшее образование;СПГМТУ;Кораблестроение;Морской инженер
1826902;Высшее образование;МГУ им.Ломоносова;Физика конденсированного состояния вещества;Физик
1827450;Высшее образование;СПбПУ;Физика;Бакалавр
1827450;Высшее образование;СПбПУ;Физика;Магистр
1828970;Высшее образование;ПенГУ;Вычислительные машины, комплексы, системы и сети;Инженер
1829464;Высшее образование;НовоГТУ;Прикладная математика и информатика;Бакалавр
1829729;Высшее образование;МГТУ НИУ;Двигатели внутреннего сгорания;Инженер
1830196;Высшее образование;НИУ ВШЭ;Бизнес-информатика;Бакалавр
1830196;Высшее образование;Университет Мангейм;Экономическая информатика;Магистр наук
1830281;Высшее образование;МГТУ НИУ;Информационные системы и технологии;Бакалавр
1831400;Высшее образование;ВШЭ;Фундаментальная и прикладная лингвистика;Бакалавр
1831502;Высшее образование;СПГУ;Бизнес-информатика;Бакалавр
1832978;Высшее образование;НИЯУ МИФИ;Информатика и вычислительная техника;Бакалавр
1833069;Высшее образование;НИТПУ;Прикладная математика и информатика;Бакалавр
1833539;Высшее образование;РАНХГСП РФ;Экономика;
1833950;Высшее образование;УрФУ;Математические методы в экономике;
1834547;Высшее образование;ПГУТИ г.Самара;Программное обеспечение вычислительной техники и автоматизированных систем;Инженер
1834584;Среднее общее образ;Лицей №23;;
1834741;Высшее образование;МФТИ(НИУ);Прикладная математика и физика;Магистр
1835610;Высшее образование;ИжГТУ;Оператор ЭВМ, программист;Оператор электронно-вычислительных машин
1835867;;;;
1835898;Высшее образование;МоскИЭТ;Прикладная математика (ОКСО);Инженер-математик
1835902;Высшее образование;МГТУ НИУ;Математика и компьютерные науки;Бакалавр
1835920;Высшее образование;МГУ им.Ломоносова;Астрономия;
1836768;Высшее образование;УрГУ;финансы и кредит;
1836768;Высшее образование;НИУ ВШЭ;финансы и кредит;
1837526;Высшее образование;РЭУ;Экономика;Бакалавр экономики
1837784;Высшее образование;МГУ им.Ломоносова;Математика (ОКСО);Математик
1837807;Высшее образование;АМСИТ;Программное обеспечение вычислительной техники и автоматизированных систем;Инженер
1837896;Высшее образование;НИУ ВШЭ;Бизнес-информатика;Бакалавр
1837896;Высшее образование;НИУ ВШЭ;Менеджмент;Магистр
1837896;Послевузовское образ;НИУ ВШЭ;Мастер делового администрирования;Мастер делового администрирования
1837899;Высшее образование;МоГИРЭА;Прикладная математика;Инженер-математик
1837899;Высшее образование;МГУЭСИ;Финансы и кредит;Экономист
1837902;Высшее образование;МГУ им.Ломоносова;Математика;Математик
1837951;Высшее образование;КПФУ;Информационные системы и технологии;Бакалавр
1837951;Высшее образование;КПФУ;Программная инженерия;Магистр
1837966;Высшее образование;СПГУЭФ;Менеджмент;Бакалавр менеджмента
1837966;Высшее образование;СПГУЭФ;Менеджмент организации;Менеджер
1837974;Высшее образование;ВШЭ;Экономика;Бакалавр экономики
1838310;Высшее образование;МГИУ;Автоматизация технологических процессов и производств;Инженер-электромеханик
1838495;Высшее образование;МГТУ НИУ;Проектирование, производство и эксплуатация ракет и ракетно-космических комплексов;Инженер
1838560;Высшее образование;НИУ ВШЭ;Психология;Бакалавр
1839502;Высшее образование;МАИНИУ;Прикладная информатика;Бакалавр
1840618;Высшее образование;ЮУГУ;Информационный менеджмент;Менеджер
1840618;Высшее образование;ВШЭ;Прикладная математика и информатика;Магистр
1840680;Высшее образование;ТартГУ;Информатика;
1840680;Высшее образование;СПГУ;;
1840930;Высшее образование;МГУ им.Ломоносова;Прикладная математика и информатика;Бакалавр
1841015;Высшее образование;ТиГУ;Информационные системы и технологии;Инженер
1841351;Высшее образование;СИНиТ;Математика и компьютерные науки;Магистр
1841351;Высшее образование;МГУ им.Ломоносова;Прикладная математика и информатика;Бакалавр
1841954;Высшее образование;СИНиТ;Информатика и вычислительная техника;Магистр
1841954;Высшее образование;СПГУАП;Инфокоммуникационные технологии и системы связи;Магистр
1841954;Высшее образование;СПГААП;Информационная безопасность;Бакалавр
1842658;Высшее образование;МоФТИ;Прикладные математика и физика;Бакалавр прикладных математики и физики
1842658;Высшее образование;МоФТИ;Прикладные математика и физика;Магистр
1843031;;;;
1843112;Среднее проф.образ;СГКБИ;Программное обеспечение вычислительной техники и автоматизированных систем;Техник
1843112;Высшее образование;СГА г.Москва;Экономика;Бакалавр экономики
1843112;Повышение квалиф-ии;АНО ДПО ШАД;;
1843455;Высшее образование;НИТУ МИСиС;Физико-химия процессов и материалов;Инженер-физик
1844166;Высшее образование;МИРТБ;Реклама;Специалист по рекламе
1844166;Высшее образование;СПбУТУиЭ;Экономика;Бакалавр
1844166;Повышение квалиф-ии;ИМЦ;;
1844808;Высшее образование;МоПУ;Информатика и вычислительная техника;Магистр
1844808;Высшее образование;НИТПУ;Инноватика;Бакалавр техники и технологии
1844853;Высшее образование;ВШЭ;Экономика;Магистр экономики
1844853;Высшее образование;ВШЭ;Экономика;Бакалавр экономики
1844853;Высшее образование;ФУП РФ;Экономика;Магистр экономики
1844913;Высшее образование;ТОГУ;Информационные системы и технологии;Инженер
1844913;Повышение квалиф-ии;АНО ДПО ШАД;;
1845371;Высшее образование;ВШЭ;Экономика;Бакалавр экономики
1846004;Высшее образование;МГТУ НИУ;Проектирование, производство и эксплуатация ракет и ракетно-космических комплексов;Инженер
1846051;Высшее образование;ВШЭ;Фундаментальная и прикладная лингвистика;Магистр
1846051;Высшее образование;ННИГУ;Фундаментальная и прикладная лингвистика;Бакалавр
1846844;;;;
1847095;Высшее образование;Копенгагинская ШкБиз;Бизнес-администрирование;
1847388;Высшее образование;МФТИ(НИУ);Прикладные математика и физика;Бакалавр
1847436;Высшее образование;МГУ им.Ломоносова;Физика;Бакалавр
1847510;Высшее образование;МГА ПИ;Материаловедение в машиностроении;Инженер-механик
1848155;Высшее образование;ВШЭ;Бизнес-информатика;Магистр
1848155;Высшее образование;ВШЭ;Прикладная математика и информатика;Бакалавр
1848155;Высшее образование;ВШЭ;;
1848635;Высшее образование;МГТУ Баумана;Автоматизация технологических процессов и производств;Бакалавр
1848672;Высшее образование;МАИНИУ;Информационные системы и технологии;Бакалавр
1849514;Высшее образование;МГУ им.Ломоносова;Фундаментальные математика и механика;Математик. Механик. Преподаватель
1849876;Высшее образование;МГУ им.Ломоносова;Физика (ОКСО);Физик
1849876;Высшее образование;РЭШ;Экономика;Магистр экономики
1850816;Высшее образование;УрФУ;Ядерные реакторы и энергетические установки;Инженер-физик
1850980;Высшее образование;МГУ им.Ломоносова;Геология;Бакалавр
1851242;Высшее образование;МГУ им.Ломоносова;Прикладная математика и информатика;Бакалавр
1851242;Высшее образование;МГУ им.Ломоносова;Прикладная математика и информатика;Магистр
1851458;Высшее образование;СПГУ;Фундаментальная и прикладная лингвистика;Магистр
1851458;Высшее образование;НИУ ВШЭ;Фундаментальная и прикладная лингвистика;Магистр
1852513;Высшее образование;МГУ им.Ломоносова;Математика;Математик
1852633;Высшее образование;СПГУАП;Управление и информатика в технических системах;Инженер
1852735;Высшее образование;НИУ ВШЭ;Математические методы в экономике;Экономист-математик
1852740;Высшее образование;НИУ ВШЭ;Прикладная математика и информатика;Бакалавр
1852810;Высшее образование;СИНиТ;Информатика и вычислительная техника;Магистр
1852810;Высшее образование;МГУ им.Ломоносова;Физика;Бакалавр
1853264;Высшее образование;МГУ им.Ломоносова;Физика;Физик
1853437;Высшее образование;МГУ им.Ломоносова;Математика;Математик
1853510;Высшее образование;НИУ ВШЭ;Фундаментальная и прикладная лингвистика;Магистр
1853522;Высшее образование;РЭШ;Экономика;Магистр
1853522;Высшее образование;МГУ им.Ломоносова;Физика;Физик
1854027;Среднее общее образ;СОШ №39;;
1854961;Высшее образование;НИУ ВШЭ;Прикладная математика и информатика;Магистр
1854962;Высшее образование;МГУ им.Ломоносова;Зоология;Зоолог
1855487;Основное общее образ;ОбСШ;;
1855621;Высшее образование;НИУ ВШЭ;Журналистика;Магистр журналистики
1855621;Высшее образование;НИУ ВШЭ;Журналистика;Бакалавр
1855949;;;;
1856031;Высшее образование;МГТУ Баумана;Автоматизация технических процессов и производств;Инженер
1856076;Высшее образование;МоФТИ;Прикладные математика и физика;Бакалавр
1856076;Высшее образование;МоФТИ;Прикладные математика и физика;Магистр
1856076;Послевузовское образ;МФТИ(НИУ);;
1856436;Высшее образование;ГУУ;Социология;Социолог
1856437;Высшее образование;НИУ ВШЭ;Прикладная математика и информатика;Магистр
1856568;Высшее образование;СПНИУИТМО;Техническая физика;Магистр физики
1856568;Высшее образование;СПНИУИТМО;Лазерная техника и лазерные технологии;Инженер
1856569;Среднее общее образ;Державинский лицей;;
1856570;Высшее образование;НИЯУ МИФИ;Электроника и автоматика физических установок;Инженер-физик
1858511;Высшее образование;СПГУ;Психология;Психолог, преподаватель