id;block;unit3;unit4;position;grade;age;
1814797;Розничный бизнес;"Блок ""Розничный бизнес""";"Штаб Блока ""Розничный бизнес""";Исследователь данных;09;24;
1771846;Розничный бизнес;"Блок ""Розничный бизнес""";"Штаб Блока ""Розничный бизнес""";Ведущий исследователь данных;10;24;
1815163;Розничный бизнес;"Блок ""Розничный бизнес""";"Штаб Блока ""Розничный бизнес""";Ведущий исследователь данных;10;24;
1599115;Розничный бизнес;"Блок ""Розничный бизнес""";"Штаб Блока ""Розничный бизнес""";Рук-ль направления по исслед.данных;11;27;
1776497;Розничный бизнес;"Блок ""Розничный бизнес""";"Штаб Блока ""Розничный бизнес""";Исп.директор по исследованию данных;13;39;
1001547;Розничный бизнес;"Блок ""Розничный бизнес""";"Дивизион ""Занять и сберегать""";Исп.директор по исследованию данных;13;40;
1653694;Розничный бизнес;"Блок ""Розничный бизнес""";"Дивизион ""Занять и сберегать""";Рук-ль направления по исслед.данных;12;39;
1741991;Розничный бизнес;"Блок ""Розничный бизнес""";"Дивизион ""Занять и сберегать""";Рук-ль направления по исслед.данных;11;39;
1605079;Розничный бизнес;"Блок ""Розничный бизнес""";"Дивизион ""Занять и сберегать""";Рук-ль направления по исслед.данных;11;33;
1786840;Розничный бизнес;"Блок ""Розничный бизнес""";"Дивизион ""Забота о клиентах""";Рук-ль направления по исслед.данных;12;28;
1670906;Розничный бизнес;"Блок ""Розничный бизнес""";"Дивизион ""Забота о клиентах""";Рук-ль направления по исслед.данных;11;35;
1816590;Розничный бизнес;"Блок ""Розничный бизнес""";"Дивизион ""Забота о клиентах""";Ведущий исследователь данных;10;24;
1815160;Розничный бизнес;"Блок ""Розничный бизнес""";"Дивизион ""Забота о клиентах""";Ведущий исследователь данных;10;27;
1815768;Розничный бизнес;"Блок ""Розничный бизнес""";"Дивизион ""Забота о клиентах""";Рук-ль направления по исслед.данных;11;22;
1810232;Розничный бизнес;"Блок ""Розничный бизнес""";"Дивизион ""Забота о клиентах""";Ведущий исследователь данных;10;25;
1814000;Розничный бизнес;"Блок ""Розничный бизнес""";"Дивизион ""Забота о клиентах""";Рук-ль направления по исслед.данных;11;30;
1591513;Розничный бизнес;"Блок ""Розничный бизнес""";"Дивизион ""Забота о клиентах""";Рук-ль направления по исслед.данных;11;29;
1597020;Розничный бизнес;"Блок ""Розничный бизнес""";"Дивизион ""Забота о клиентах""";Рук-ль направления по исслед.данных;11;32;
1609073;Розничный бизнес;"Блок ""Розничный бизнес""";"Дивизион ""Забота о клиентах""";Рук-ль направления по исслед.данных;11;30;
1619078;Розничный бизнес;"Блок ""Розничный бизнес""";"Дивизион ""Забота о клиентах""";Рук-ль направления по исслед.данных;11;28;
1814804;Розничный бизнес;"Блок ""Розничный бизнес""";"Дивизион ""Забота о клиентах""";Рук-ль направления по исслед.данных;12;32;
1719041;Розничный бизнес;"Блок ""Розничный бизнес""";"Дивизион ""Забота о клиентах""";Рук-ль направления по исслед.данных;11;26;
1793400;Розничный бизнес;"Блок ""Розничный бизнес""";"Дивизион ""Забота о клиентах""";Ведущий исследователь данных;10;26;
1675402;Розничный бизнес;"Блок ""Розничный бизнес""";"Дивизион ""Забота о клиентах""";Ведущий исследователь данных;10;25;
1818319;Розничный бизнес;"Блок ""Розничный бизнес""";"Дивизион ""Забота о клиентах""";Ведущий исследователь данных;10;27;
1656145;Розничный бизнес;"Блок ""Розничный бизнес""";"Дивизион ""Забота о клиентах""";Рук-ль направления по исслед.данных;11;43;
1747804;Розничный бизнес;"Блок ""Розничный бизнес""";"Дивизион ""Забота о клиентах""";Рук-ль направления по исслед.данных;11;26;
1711642;Розничный бизнес;"Блок ""Розничный бизнес""";"Дивизион ""Забота о клиентах""";Рук-ль направления по исслед.данных;12;34;
1779421;Розничный бизнес;"Блок ""Розничный бизнес""";"Дивизион ""Забота о клиентах""";Ведущий исследователь данных;10;30;
1715080;Розничный бизнес;"Блок ""Розничный бизнес""";"Дивизион ""Забота о клиентах""";Ведущий исследователь данных;10;36;
1780417;Розничный бизнес;"Блок ""Розничный бизнес""";"Дивизион ""Забота о клиентах""";Исследователь данных;09;27;
1785961;Розничный бизнес;"Блок ""Розничный бизнес""";"Дивизион ""Забота о клиентах""";Исследователь данных;08;24;
1772134;Розничный бизнес;"Блок ""Розничный бизнес""";"Дивизион ""Забота о клиентах""";Рук-ль направления по исслед.данных;12;23;
1465021;Розничный бизнес;"Блок ""Розничный бизнес""";"Дивизион ""Забота о клиентах""";Рук-ль направления по исслед.данных;12;27;
1811056;Розничный бизнес;"Блок ""Розничный бизнес""";"Дивизион ""Забота о клиентах""";Рук-ль направления по исслед.данных;11;31;
1632400;Розничный бизнес;"Блок ""Розничный бизнес""";"Дивизион ""Забота о клиентах""";Рук-ль направления по исслед.данных;12;29;
1811849;Розничный бизнес;"Блок ""Розничный бизнес""";"Дивизион ""Забота о клиентах""";Рук-ль направления по исслед.данных;12;33;
1741227;Розничный бизнес;"Блок ""Розничный бизнес""";"Дивизион ""ДомКлик""";Рук-ль направления по исслед.данных;12;31;
1619960;Розничный бизнес;"Блок ""Розничный бизнес""";"Дивизион ""ДомКлик""";Ведущий исследователь данных;10;26;
1848635;Розничный бизнес;"Блок ""Розничный бизнес""";"Дивизион ""ДомКлик""";Исп.директор по исследованию данных;13;27;
1816951;Розничный бизнес;"Блок ""Розничный бизнес""";"Дивизион ""ДомКлик""";Рук-ль направления по исслед.данных;12;31;
1792780;Розничный бизнес;"Блок ""Розничный бизнес""";"Дивизион ""ДомКлик""";Рук-ль направления по исслед.данных;11;27;
1805730;Розничный бизнес;"Блок ""Розничный бизнес""";"Дивизион ""ДомКлик""";Рук-ль направления по исслед.данных;11;26;
1439482;Розничный бизнес;"Блок ""Розничный бизнес""";"Дивизион ""ДомКлик""";Ведущий исследователь данных;10;29;
1719755;Розничный бизнес;"Блок ""Розничный бизнес""";"Дивизион ""ДомКлик""";Исп.директор по исследованию данных;14;30;
1717451;Розничный бизнес;"Блок ""Розничный бизнес""";"Дивизион ""ДомКлик""";Рук-ль направления по исслед.данных;12;30;
1781973;Розничный бизнес;"Блок ""Розничный бизнес""";"Дивизион ""ДомКлик""";Ведущий исследователь данных;11;31;
1795796;Розничный бизнес;"Блок ""Розничный бизнес""";"Дивизион ""ДомКлик""";Ведущий исследователь данных;10;27;
1784030;Розничный бизнес;"Блок ""Розничный бизнес""";"Дивизион ""ДомКлик""";Рук-ль направления по исслед.данных;11;26;
1731197;Розничный бизнес;"Блок ""Розничный бизнес""";"Дивизион ""ДомКлик""";Ведущий исследователь данных;10;27;
1796474;Розничный бизнес;"Блок ""Розничный бизнес""";"Дивизион ""ДомКлик""";Исследователь данных;09;26;
1788651;Розничный бизнес;"Блок ""Розничный бизнес""";"Дивизион ""Массовая персонализация""";Рук-ль направления по исслед.данных;12;31;
1804312;Розничный бизнес;"Блок ""Розничный бизнес""";"Дивизион ""Массовая персонализация""";Рук-ль направления по исслед.данных;12;26;
1701691;Розничный бизнес;"Блок ""Розничный бизнес""";"Дивизион ""Массовая персонализация""";Ведущий исследователь данных;10;21;
1815078;Розничный бизнес;"Блок ""Розничный бизнес""";"Дивизион ""Массовая персонализация""";Рук-ль направления по исслед.данных;11;23;
1428932;Розничный бизнес;"Блок ""Розничный бизнес""";"Дивизион ""Массовая персонализация""";Исп.директор по исследованию данных;14;39;
1655837;Розничный бизнес;"Блок ""Розничный бизнес""";"Дивизион ""Массовая персонализация""";Рук-ль направления по исслед.данных;12;27;
1843031;Розничный бизнес;"Блок ""Розничный бизнес""";"Дивизион ""Массовая персонализация""";Исп.директор по исследованию данных;13;24;
1666659;Розничный бизнес;"Блок ""Розничный бизнес""";"Дивизион ""Массовая персонализация""";Рук-ль направления по исслед.данных;11;28;
1792297;Розничный бизнес;"Блок ""Розничный бизнес""";"Дивизион ""Массовая персонализация""";Исп.директор по исследованию данных;13;37;
1536939;Розничный бизнес;"Блок ""Розничный бизнес""";"Дивизион ""Массовая персонализация""";Рук-ль направления по исслед.данных;12;31;
1539222;Розничный бизнес;"Блок ""Розничный бизнес""";"Дивизион ""Массовая персонализация""";Исп.директор по исследованию данных;14;28;
1540358;Розничный бизнес;"Блок ""Розничный бизнес""";"Дивизион ""Массовая персонализация""";Рук-ль направления по исслед.данных;12;30;
1265175;Розничный бизнес;"Блок ""Розничный бизнес""";"Дивизион ""Массовая персонализация""";Рук-ль направления по исслед.данных;12;36;
1610864;Розничный бизнес;"Блок ""Розничный бизнес""";"Дивизион ""Массовая персонализация""";Рук-ль направления по исслед.данных;12;32;
1814861;Розничный бизнес;"Блок ""Розничный бизнес""";"Дивизион ""Массовая персонализация""";Ведущий исследователь данных;10;22;
1684566;Розничный бизнес;"Блок ""Розничный бизнес""";"Дивизион ""Массовая персонализация""";Рук-ль направления по исслед.данных;12;39;
1792560;Розничный бизнес;"Блок ""Розничный бизнес""";"Дивизион ""Массовая персонализация""";Исследователь данных;09;24;
1747811;Розничный бизнес;"Блок ""Розничный бизнес""";"Дивизион ""Массовая персонализация""";Рук-ль направления по исслед.данных;11;24;
1795617;Розничный бизнес;"Блок ""Розничный бизнес""";"Дивизион ""Массовая персонализация""";Рук-ль направления по исслед.данных;11;35;
1723052;Розничный бизнес;"Блок ""Розничный бизнес""";"Дивизион ""Массовая персонализация""";Рук-ль направления по исслед.данных;11;25;
1796324;Розничный бизнес;"Блок ""Розничный бизнес""";"Дивизион ""Массовая персонализация""";Исследователь данных;09;31;
1814866;Розничный бизнес;"Блок ""Розничный бизнес""";"Дивизион ""Массовая персонализация""";Ведущий исследователь данных;10;25;
1668149;Розничный бизнес;"Блок ""Розничный бизнес""";"Дивизион ""Массовая персонализация""";Исследователь данных;09;22;
1816578;Розничный бизнес;"Блок ""Розничный бизнес""";"Дивизион ""Массовая персонализация""";Исследователь данных;09;26;
1816596;Розничный бизнес;"Блок ""Розничный бизнес""";"Дивизион ""Массовая персонализация""";Ведущий исследователь данных;10;24;
1292938;Розничный бизнес;"Блок ""Розничный бизнес""";"Дивизион ""Массовая персонализация""";Исп.директор по исследованию данных;14;38;
1547254;Розничный бизнес;"Блок ""Розничный бизнес""";"Дивизион ""Массовая персонализация""";Исп.директор по исследованию данных;14;33;
1509917;Розничный бизнес;"Блок ""Розничный бизнес""";"Дивизион ""Массовая персонализация""";Исп.директор по исследованию данных;13;29;
1700413;Розничный бизнес;"Блок ""Розничный бизнес""";"Дивизион ""Массовая персонализация""";Рук-ль направления по исслед.данных;11;23;
1776070;Розничный бизнес;"Блок ""Розничный бизнес""";"Дивизион ""Массовая персонализация""";Рук-ль направления по исслед.данных;11;29;
1091890;Розничный бизнес;"Блок ""Розничный бизнес""";"Дивизион ""Массовая персонализация""";Рук-ль направления по исслед.данных;12;36;
1811794;Розничный бизнес;"Блок ""Розничный бизнес""";"Дивизион ""Массовая персонализация""";Рук-ль направления по исслед.данных;12;27;
1793889;Розничный бизнес;"Блок ""Розничный бизнес""";"Дивизион ""Массовая персонализация""";Ведущий исследователь данных;10;27;
1816701;Розничный бизнес;"Блок ""Розничный бизнес""";"Дивизион ""Массовая персонализация""";Ведущий исследователь данных;10;26;
1789643;Розничный бизнес;"Блок ""Розничный бизнес""";"Дивизион ""Массовая персонализация""";Исследователь данных;09;26;
1817115;Розничный бизнес;"Блок ""Розничный бизнес""";"Дивизион ""Массовая персонализация""";Рук-ль направления по исслед.данных;12;33;
31267;Розничный бизнес;"Блок ""Розничный бизнес""";"Дивизион ""Массовая персонализация""";Исп.директор по исследованию данных;14;34;
1404900;Розничный бизнес;"Блок ""Розничный бизнес""";"Дивизион ""Массовая персонализация""";Рук-ль направления по исслед.данных;12;34;
1548555;Розничный бизнес;"Блок ""Розничный бизнес""";"Дивизион ""Массовая персонализация""";Рук-ль направления по исслед.данных;12;26;
1596249;Розничный бизнес;"Блок ""Розничный бизнес""";"Дивизион ""Массовая персонализация""";Рук-ль направления по исслед.данных;12;28;
1682637;Розничный бизнес;"Блок ""Розничный бизнес""";"Дивизион ""Массовая персонализация""";Рук-ль направления по исслед.данных;12;42;
1753039;Розничный бизнес;"Блок ""Розничный бизнес""";"Дивизион ""Массовая персонализация""";Рук-ль направления по исслед.данных;11;27;
1817454;Розничный бизнес;"Блок ""Розничный бизнес""";"Дивизион ""Массовая персонализация""";Рук-ль направления по исслед.данных;11;24;
1815220;Розничный бизнес;"Блок ""Розничный бизнес""";"Дивизион ""Массовая персонализация""";Исследователь данных;08;33;
1846844;Розничный бизнес;"Блок ""Розничный бизнес""";"Дивизион ""Массовая персонализация""";Ведущий исследователь данных;10;29;
1815906;Розничный бизнес;"Блок ""Розничный бизнес""";"Дивизион ""Массовая персонализация""";Рук-ль направления по исслед.данных;12;31;
1814815;Розничный бизнес;"Блок ""Розничный бизнес""";"Дивизион ""Массовая персонализация""";Рук-ль направления по исслед.данных;11;26;
1613380;Розничный бизнес;"Блок ""Розничный бизнес""";"Дивизион ""Массовая персонализация""";Ведущий исследователь данных;10;29;
1690767;Розничный бизнес;"Блок ""Розничный бизнес""";"Дивизион""Премиальные реш-я для сост.кл.""";Исследователь данных;09;25;
1498321;Розничный бизнес;"Блок ""Розничный бизнес""";"Дивизион""Премиальные реш-я для сост.кл.""";Рук-ль направления по исслед.данных;11;25;
1789911;Розничный бизнес;"Блок ""Розничный бизнес""";"Дивизион ""Особенные решения""";Рук-ль направления по исслед.данных;12;29;
1792494;Розничный бизнес;"Блок ""Розничный бизнес""";"Дивизион ""Особенные решения""";Исп.директор по исследованию данных;13;34;
1853264;Розничный бизнес;"Блок ""Розничный бизнес""";"Дивизион ""Особенные решения""";Рук-ль направления по исслед.данных;12;30;
1810872;Розничный бизнес;"Блок ""Розничный бизнес""";"Дивизион ""Особенные решения""";Рук-ль направления по исслед.данных;11;29;
1604668;Розничный бизнес;"Блок ""Розничный бизнес""";"Дивизион ""Особенные решения""";Рук-ль направления по исслед.данных;11;29;
1845371;Розничный бизнес;"Блок ""Розничный бизнес""";"Дивизион ""Особенные решения""";Исследователь данных;09;22;
1785770;Розничный бизнес;"Блок ""Розничный бизнес""";"Дивизион ""Особенные решения""";Исп.директор по исследованию данных;14;34;
1816071;Розничный бизнес;"Блок ""Розничный бизнес""";"Дивизион ""Особенные решения""";Рук-ль направления по исслед.данных;11;31;
1761530;Розничный бизнес;"Блок ""Розничный бизнес""";"Дивизион ""Особенные решения""";Рук-ль направления по исслед.данных;12;30;
1664912;Розничный бизнес;"Блок ""Розничный бизнес""";"Дивизион ""Особенные решения""";Рук-ль направления по исслед.данных;11;27;
1820553;Розничный бизнес;"Блок ""Розничный бизнес""";"Дивизион ""Особенные решения""";Рук-ль направления по исслед.данных;11;33;
1572566;Розничный бизнес;"Блок ""Розничный бизнес""";"Дивизион ""Особенные решения""";Рук-ль направления по исслед.данных;11;29;
1809023;Розничный бизнес;"Блок ""Розничный бизнес""";"Дивизион ""Особенные решения""";Рук-ль направления по исслед.данных;11;29;
1804251;Розничный бизнес;"Блок ""Розничный бизнес""";"Дивизион ""Особенные решения""";Рук-ль направления по исслед.данных;11;37;
1612798;Розничный бизнес;"Блок ""Розничный бизнес""";"Дивизион ""Особенные решения""";Рук-ль направления по исслед.данных;11;28;
1852740;Розничный бизнес;"Блок ""Розничный бизнес""";"Дивизион ""Особенные решения""";Ведущий исследователь данных;10;24;
1810263;Розничный бизнес;"Блок ""Розничный бизнес""";"Дивизион ""Особенные решения""";Ведущий исследователь данных;10;25;
1805670;Розничный бизнес;"Блок ""Розничный бизнес""";"Дивизион ""Особенные решения""";Исследователь данных;09;26;
1499008;Розничный бизнес;"Блок ""Розничный бизнес""";"Дивизион ""Государ. продукты и сервисы""";Рук-ль направления по исслед.данных;11;29;
1717673;Розничный бизнес;"Блок ""Розничный бизнес""";"Дивизион ""Эквайринг""";Ведущий исследователь данных;10;32;
1780714;Управление благос-м;"Блок ""Управление благоcостоянием""";"Центр ""Корпоративное страхование""";Руководитель направления;11;38;
1847436;Управление благос-м;"Блок ""Управление благоcостоянием""";"Дивизион ""Инвестиции и накопления""";Эксперт;09;27;
1847095;Управление благос-м;"Блок ""Управление благоcостоянием""";"Дивизион ""Инвестиции и накопления""";Менеджер;10;31;
1847388;Управление благос-м;"Блок ""Управление благоcостоянием""";"Дивизион ""Инвестиции и накопления""";Менеджер;10;22;
1631868;Управление благос-м;"Блок ""Управление благоcостоянием""";"Дивизион ""Упр.данными и актив.коммуник.""";Исполнительный директор;14;34;
1513982;Управление благос-м;"Блок ""Управление благоcостоянием""";"Дивизион ""Упр.данными и актив.коммуник.""";Исп.директор по исследованию данных;13;30;
1792302;Управление благос-м;"Блок ""Управление благоcостоянием""";"Дивизион ""Упр.данными и актив.коммуник.""";Исп.директор по исследованию данных;13;35;
1853510;Управление благос-м;"Блок ""Управление благоcостоянием""";"Дивизион ""Упр.данными и актив.коммуник.""";Рук-ль направления по исслед.данных;11;24;
1589579;Управление благос-м;"Блок ""Управление благоcостоянием""";"Дивизион ""Упр.данными и актив.коммуник.""";Рук-ль направления по исслед.данных;12;29;
1677450;Управление благос-м;"Блок ""Управление благоcостоянием""";"Дивизион ""Упр.данными и актив.коммуник.""";Рук-ль направления по исслед.данных;12;34;
1644892;Управление благос-м;"Блок ""Управление благоcостоянием""";"Дивизион ""Упр.данными и актив.коммуник.""";Рук-ль направления по исслед.данных;12;30;
1721810;Управление благос-м;"Блок ""Управление благоcостоянием""";"Дивизион ""Упр.данными и актив.коммуник.""";Рук-ль направления по исслед.данных;12;29;
1798516;Управление благос-м;"Блок ""Управление благоcостоянием""";"Дивизион ""Упр.данными и актив.коммуник.""";Рук-ль направления по исслед.данных;11;32;
1615264;Управление благос-м;"Блок ""Управление благоcостоянием""";"Дивизион ""Упр.данными и актив.коммуник.""";Рук-ль направления по исслед.данных;11;34;
1816712;Управление благос-м;"Блок ""Управление благоcостоянием""";"Дивизион ""Упр.данными и актив.коммуник.""";Исследователь данных;09;26;
1669850;Управление благос-м;"Блок ""Управление благоcостоянием""";"Дивизион ""Упр.данными и актив.коммуник.""";Рук-ль направления по исслед.данных;11;28;
1814030;Управление благос-м;"Блок ""Управление благоcостоянием""";"Дивизион ""Упр.данными и актив.коммуник.""";Рук-ль направления по исслед.данных;11;25;
1793884;Управление благос-м;"Блок ""Управление благоcостоянием""";"Дивизион ""Упр.данными и актив.коммуник.""";Ведущий исследователь данных;10;29;
1805406;Управление благос-м;"Блок ""Управление благоcостоянием""";"Дивизион ""Упр.данными и актив.коммуник.""";Исследователь данных;09;23;
1695433;Управление благос-м;"Блок ""Управление благоcостоянием""";"Дивизион ""Упр.данными и актив.коммуник.""";Ведущий исследователь данных;10;24;
1806418;Управление благос-м;"Блок ""Управление благоcостоянием""";"Дивизион ""Упр.данными и актив.коммуник.""";Исследователь данных;09;27;
1837807;Управление благос-м;"Блок ""Управление благоcостоянием""";"Дивизион ""Упр.данными и актив.коммуник.""";Руководитель направления;11;34;
1823929;Управление благос-м;"Блок ""Управление благоcостоянием""";"Дивизион ""Упр.данными и актив.коммуник.""";Ведущий исследователь данных;10;28;
1853522;Управление благос-м;"Блок ""Управление благоcостоянием""";"Дивизион ""Упр.данными и актив.коммуник.""";Рук-ль направления по исслед.данных;11;28;
816691;Финансы;"Блок ""Финансы""";Казначейство;Исполнительный директор-начальник отдела;14;30;
1703829;Финансы;"Блок ""Финансы""";Казначейство;Исследователь данных;08;22;
1411289;Финансы;"Блок ""Финансы""";Казначейство;Рук-ль направления по исслед.данных;12;33;
1567690;Финансы;"Блок ""Финансы""";Казначейство;Рук-ль направления по исслед.данных;12;26;
1459891;Финансы;"Блок ""Финансы""";Казначейство;Рук-ль направления по исслед.данных;12;32;
1794479;Финансы;"Блок ""Финансы""";Казначейство;Исследователь данных;09;22;
1598235;Финансы;"Блок ""Финансы""";Казначейство;Рук-ль направления по исслед.данных;12;30;
884679;Финансы;"Блок ""Финансы""";Казначейство;Рук-ль направления по исслед.данных;11;32;
1552893;Финансы;"Блок ""Финансы""";Казначейство;Рук-ль направления по исслед.данных;11;40;
1817283;Финансы;"Блок ""Финансы""";Казначейство;Рук-ль направления по исслед.данных;11;30;
1540335;Финансы;"Блок ""Финансы""";Казначейство;Рук-ль направления по исслед.данных;12;31;
1738535;Финансы;"Блок ""Финансы""";Казначейство;Ведущий исследователь данных;10;27;
1697500;Финансы;"Блок ""Финансы""";Казначейство;Ведущий исследователь данных;10;32;
1713520;Финансы;"Блок ""Финансы""";Казначейство;Ведущий исследователь данных;10;23;
866410;Финансы;"Блок ""Финансы""";Казначейство;Исп.директор по исследованию данных;14;33;
1466848;Финансы;"Блок ""Финансы""";Казначейство;Исп.директор по исследованию данных;13;34;
1698314;Финансы;"Блок ""Финансы""";Департамент финансов;Исследователь данных;09;34;
1749201;Финансы;"Блок ""Финансы""";Департамент финансов;Ведущий исследователь данных;10;26;
1406456;Финансы;"Блок ""Финансы""";Департамент финансов;Финансовый директор, бизнес-партнер;15;37;
1813466;Финансы;"Блок ""Финансы""";Департамент финансов;Рук-ль направления по исслед.данных;11;44;
1640944;Финансы;"Блок ""Финансы""";Департамент финансов;Ведущий исследователь данных;10;25;
1786246;Финансы;"Блок ""Финансы""";Департамент финансов;Ведущий исследователь данных;10;22;
1273186;Финансы;"Блок ""Финансы""";Департамент финансов;Исп.директор по исследованию данных;13;34;
1701156;Финансы;"Блок ""Финансы""";Департамент финансов;Исп.директор по исследованию данных;13;40;
1732393;Финансы;"Блок ""Финансы""";Департамент финансов;Рук-ль направления по исслед.данных;11;37;
1503043;Финансы;"Блок ""Финансы""";Департамент финансов;Исп.директор по исследованию данных;13;31;
1597774;Финансы;"Блок ""Финансы""";Департамент финансов;Рук-ль направления по исслед.данных;11;56;
1765046;Финансы;"Блок ""Финансы""";Департамент финансов;Исследователь данных;08;23;
1573630;Финансы;"Блок ""Финансы""";Департамент финансов;Исп.директор по исследованию данных;13;37;
1830196;Финансы;"Блок ""Финансы""";Департамент финансов;Рук-ль направления по исслед.данных;11;26;
1838560;Финансы;"Блок ""Финансы""";Департамент финансов;Рук-ль направления по исслед.данных;11;25;
39281;Финансы;"Блок ""Финансы""";Департамент финансов;Управляющий директор-начальник центра;15;36;
1791833;Финансы;"Блок ""Финансы""";Департамент финансов;Исп.директор по исследованию данных;13;32;
1438103;Финансы;"Блок ""Финансы""";Департамент финансов;Исп.директор по исследованию данных;13;41;
1783692;Финансы;"Блок ""Финансы""";Департамент финансов;Исп.директор по исследованию данных;13;31;
1624912;Финансы;"Блок ""Финансы""";Департамент финансов;Рук-ль направления по исслед.данных;12;33;
1588487;Финансы;"Блок ""Финансы""";Департамент финансов;Рук-ль направления по исслед.данных;12;35;
1825160;Финансы;"Блок ""Финансы""";Департамент финансов;Ведущий исследователь данных;10;28;
1730406;Финансы;"Блок ""Финансы""";Департамент финансов;Рук-ль направления по исслед.данных;12;30;
1795678;Финансы;"Блок ""Финансы""";Департамент финансов;Ведущий исследователь данных;10;25;
1794693;Финансы;"Блок ""Финансы""";Департамент финансов;Исследователь данных;09;23;
27817;Финансы;"Блок ""Финансы""";Департамент финансов;Исследователь данных;09;44;
1021490;Финансы;"Блок ""Финансы""";"Лаборатория ""СберИндекс""";Руководитель направления;12;39;
1392523;Риски;"Блок ""Риски""";Управление валидации;Управляющий директор-начальник центра;15;41;
1206494;Риски;"Блок ""Риски""";Управление валидации;Руководитель направления;12;29;
1510129;Риски;"Блок ""Риски""";Управление валидации;Руководитель направления;12;30;
1575411;Риски;"Блок ""Риски""";Управление валидации;Руководитель направления;12;31;
1532658;Риски;"Блок ""Риски""";Управление валидации;Руководитель направления;11;30;
1613667;Риски;"Блок ""Риски""";Управление валидации;Руководитель направления;11;28;
1487042;Риски;"Блок ""Риски""";Управление валидации;Руководитель направления;11;29;
1837966;Риски;"Блок ""Риски""";Управление валидации;Руководитель направления;12;34;
1619480;Риски;"Блок ""Риски""";Управление валидации;Руководитель направления;12;38;
1590675;Риски;"Блок ""Риски""";Управление валидации;Руководитель направления;11;38;
1555304;Риски;"Блок ""Риски""";Управление валидации;Руководитель направления;11;32;
1787688;Риски;"Блок ""Риски""";Управление валидации;Ведущий специалист;09;24;
1623926;Риски;"Блок ""Риски""";Управление валидации;Главный специалист;10;28;
1780856;Риски;"Блок ""Риски""";Управление валидации;Ведущий специалист;09;23;
1143472;Риски;"Блок ""Риски""";Управление валидации;Управляющий директор-начальник центра;15;28;
1312283;Риски;"Блок ""Риски""";Управление валидации;Исполнительный директор;13;29;
1479404;Риски;"Блок ""Риски""";Управление валидации;Исполнительный директор;13;27;
1536087;Риски;"Блок ""Риски""";Управление валидации;Руководитель направления;12;26;
1624254;Риски;"Блок ""Риски""";Управление валидации;Исполнительный директор;13;37;
1648457;Риски;"Блок ""Риски""";Управление валидации;Руководитель направления;11;29;
1790920;Риски;"Блок ""Риски""";Управление валидации;Главный специалист;10;23;
1603716;Риски;"Блок ""Риски""";Управление валидации;Руководитель направления;11;29;
1535525;Риски;"Блок ""Риски""";Управление валидации;Главный специалист;10;30;
1599264;Риски;"Блок ""Риски""";Управление валидации;Руководитель направления;11;26;
1817497;Риски;"Блок ""Риски""";Управление валидации;Cпециалист;09;26;
1817010;Риски;"Блок ""Риски""";Управление валидации;Ведущий специалист;09;24;
1837526;Риски;"Блок ""Риски""";Управление валидации;Ведущий специалист;09;25;
1822010;Риски;"Блок ""Риски""";Управление валидации;Ведущий специалист;09;24;
1781811;Риски;"Блок ""Риски""";Управление валидации;Главный специалист;10;23;
1812573;Риски;"Блок ""Риски""";Управление валидации;Ведущий специалист;09;25;
1809710;Риски;"Блок ""Риски""";Управление валидации;Ведущий специалист;09;25;
1820485;Риски;"Блок ""Риски""";Управление валидации;Старший специалист;08;20;
1819300;Риски;"Блок ""Риски""";Управление валидации;Старший специалист;08;22;
1320519;Риски;"Блок ""Риски""";Управление валидации;Управляющий директор-начальник центра;15;30;
1477369;Риски;"Блок ""Риски""";Управление валидации;Исполнительный директор;13;28;
1787621;Риски;"Блок ""Риски""";Управление валидации;Руководитель направления;12;32;
1563313;Риски;"Блок ""Риски""";Управление валидации;Руководитель направления;12;27;
1618003;Риски;"Блок ""Риски""";Управление валидации;Руководитель направления;11;31;
1613379;Риски;"Блок ""Риски""";Управление валидации;Руководитель направления;11;26;
1735925;Риски;"Блок ""Риски""";Управление валидации;Главный специалист;10;26;
1824459;Риски;"Блок ""Риски""";Управление валидации;Главный специалист;10;25;
1631605;Риски;"Блок ""Риски""";Управление валидации;Руководитель направления;12;31;
1637475;Риски;"Блок ""Риски""";Управление валидации;Руководитель направления;11;26;
1811575;Риски;"Блок ""Риски""";Управление валидации;Ведущий специалист;09;26;
1813188;Риски;"Блок ""Риски""";Управление валидации;Ведущий специалист;09;26;
1825163;Риски;"Блок ""Риски""";Управление валидации;Ведущий специалист;09;25;
1699754;Риски;"Блок ""Риски""";Управление валидации;Ведущий специалист;09;23;
1817506;Риски;"Блок ""Риски""";Управление валидации;Ведущий специалист;09;24;
1764255;Риски;"Блок ""Риски""";Управление валидации;Ведущий специалист;09;25;
1829464;Риски;"Блок ""Риски""";Управление валидации;Ведущий специалист;09;23;
1831502;Риски;"Блок ""Риски""";Управление валидации;Ведущий специалист;09;24;
1807870;Риски;"Блок ""Риски""";Управление валидации;Старший специалист;08;23;
1116057;Риски;"Блок ""Риски""";Управление валидации;Исполнительный директор-начальник центра;14;31;
1619600;Риски;"Блок ""Риски""";Управление валидации;Исполнительный директор;13;30;
1754182;Риски;"Блок ""Риски""";Управление валидации;Руководитель направления;11;28;
1619536;Риски;"Блок ""Риски""";Управление валидации;Исполнительный директор;13;28;
1785774;Риски;"Блок ""Риски""";Управление валидации;Главный специалист;10;23;
1815563;Риски;"Блок ""Риски""";Управление валидации;Главный специалист;10;30;
1692127;Риски;"Блок ""Риски""";Управление валидации;Руководитель направления;11;27;
1852810;Риски;"Блок ""Риски""";Управление валидации;Главный специалист;10;25;
1844808;Риски;"Блок ""Риски""";Управление валидации;Главный специалист;10;24;
1820242;Риски;"Блок ""Риски""";Управление валидации;Ведущий специалист;09;24;
1835902;Риски;"Блок ""Риски""";Управление валидации;Ведущий специалист;09;22;
1813184;Риски;"Блок ""Риски""";Управление валидации;Ведущий специалист;09;23;
1813206;Риски;"Блок ""Риски""";Управление валидации;Ведущий специалист;09;23;
1620017;Риски;"Блок ""Риски""";Управление валидации;Исполнительный директор-начальник центра;14;33;
1639777;Риски;"Блок ""Риски""";Управление валидации;Руководитель направления;11;32;
1809747;Риски;"Блок ""Риски""";Управление валидации;Ведущий специалист;09;34;
1699732;Риски;"Блок ""Риски""";Управление валидации;Ведущий специалист;09;26;
1816385;Риски;"Блок ""Риски""";Управление валидации;Старший специалист;08;23;
1808966;Риски;"Блок ""Риски""";Управление валидации;Старший специалист;08;24;
1816386;Риски;"Блок ""Риски""";Управление валидации;Старший специалист;08;23;
1808193;Риски;"Блок ""Риски""";Управление валидации;Старший специалист;08;22;
874663;Риски;"Блок ""Риски""";Управление валидации;Исполнительный директор-начальник центра;14;37;
1642721;Риски;"Блок ""Риски""";Управление валидации;Исполнительный директор;13;33;
1714830;Риски;"Блок ""Риски""";Управление валидации;Исполнительный директор;13;44;
1632699;Риски;"Блок ""Риски""";Управление валидации;Руководитель направления;12;30;
1838310;Риски;"Блок ""Риски""";Управление валидации;Руководитель направления;12;46;
1809750;Риски;"Блок ""Риски""";Управление валидации;Руководитель направления;12;34;
1768229;Риски;"Блок ""Риски""";Управление валидации;Руководитель направления;11;25;
1449705;Риски;"Блок ""Риски""";Управление валидации;Руководитель направления;12;37;
1834547;Риски;"Блок ""Риски""";Управление валидации;Главный специалист;10;30;
1814816;Риски;"Блок ""Риски""";Управление валидации;Ведущий специалист;09;26;
1757247;Риски;"Блок ""Риски""";Управление валидации;Ведущий специалист;09;23;
1778919;Риски;"Блок ""Риски""";Управление валидации;Главный специалист;10;24;
1809283;Риски;"Блок ""Риски""";Управление валидации;Ведущий специалист;09;24;
1839502;Риски;"Блок ""Риски""";Управление валидации;Старший специалист;08;26;
1833539;Риски;"Блок ""Риски""";Управление валидации;Ведущий специалист;09;26;
1631607;Риски;"Блок ""Риски""";Управление валидации;Управляющий директор-начальник центра;16;40;
1762035;Риски;"Блок ""Риски""";Управление валидации;Исполнительный директор;14;41;
1693744;Риски;"Блок ""Риски""";Управление валидации;Исполнительный директор;13;26;
1797641;Риски;"Блок ""Риски""";Управление валидации;Руководитель направления;12;35;
1593005;Риски;"Блок ""Риски""";Управление валидации;Руководитель направления;12;30;
1658660;Риски;"Блок ""Риски""";Управление валидации;Руководитель направления;12;27;
1543275;Риски;"Блок ""Риски""";Управление валидации;Руководитель направления;11;28;
1848155;Риски;"Блок ""Риски""";Управление валидации;Главный специалист;10;24;
1832978;Риски;"Блок ""Риски""";Управление валидации;Главный специалист;10;23;
861872;Риски;"Блок ""Риски""";Управление валидации;Старший управляющий директор-дир.управл.;18;45;
1308343;Риски;"Блок ""Риски""";Деп-т интегрированн.риск-менеджмента;Исполнительный директор-начальник центра;14;29;
1819255;Риски;"Блок ""Риски""";Деп-т интегрированн.риск-менеджмента;Исп.директор по исследованию данных;13;30;
914772;Риски;"Блок ""Риски""";Деп-т интегрированн.риск-менеджмента;Рук-ль направления по исслед.данных;12;33;
1001596;Риски;"Блок ""Риски""";Деп-т интегрированн.риск-менеджмента;Рук-ль направления по исслед.данных;12;31;
1669835;Риски;"Блок ""Риски""";Деп-т интегрированн.риск-менеджмента;Рук-ль направления по исслед.данных;12;29;
1756774;Риски;"Блок ""Риски""";Деп-т интегрированн.риск-менеджмента;Ведущий исследователь данных;10;23;
1637594;Риски;"Блок ""Риски""";Деп-т интегрированн.риск-менеджмента;Ведущий исследователь данных;10;25;
1793908;Риски;"Блок ""Риски""";Деп-т интегрированн.риск-менеджмента;Ведущий исследователь данных;10;24;
1813739;Риски;"Блок ""Риски""";Деп-т интегрированн.риск-менеджмента;Исследователь данных;09;23;
1702755;Риски;"Блок ""Риски""";Деп-т интегрированн.риск-менеджмента;Исследователь данных;09;27;
1795621;Риски;"Блок ""Риски""";Деп-т интегрированн.риск-менеджмента;Исп.директор по исследованию данных;14;48;
1432642;Риски;"Блок ""Риски""";Деп-т интегрированн.риск-менеджмента;Исп.директор по исследованию данных;14;35;
1844853;Риски;"Блок ""Риски""";Деп-т интегрированн.риск-менеджмента;Исп.директор по исследованию данных;13;31;
1618496;Риски;"Блок ""Риски""";Деп-т интегрированн.риск-менеджмента;Рук-ль направления по исслед.данных;12;33;
1798382;Риски;"Блок ""Риски""";Деп-т интегрированн.риск-менеджмента;Исп.директор по исследованию данных;13;39;
1499788;Риски;"Блок ""Риски""";Деп-т интегрированн.риск-менеджмента;Исп.директор по исследованию данных;13;46;
1481494;Риски;"Блок ""Риски""";Деп-т интегрированн.риск-менеджмента;Рук-ль направления по исслед.данных;12;27;
1817029;Риски;"Блок ""Риски""";Деп-т интегрированн.риск-менеджмента;Рук-ль направления по исслед.данных;11;29;
1584503;Риски;"Блок ""Риски""";Деп-т интегрированн.риск-менеджмента;Ведущий исследователь данных;10;25;
1809764;Риски;"Блок ""Риски""";Деп-т интегрированн.риск-менеджмента;Рук-ль направления по исслед.данных;12;33;
1695195;Риски;"Блок ""Риски""";Деп-т интегрированн.риск-менеджмента;Рук-ль направления по исслед.данных;12;49;
1631410;Риски;"Блок ""Риски""";Деп-т интегрированн.риск-менеджмента;Рук-ль направления по исслед.данных;11;28;
1836768;Риски;"Блок ""Риски""";Деп-т интегрированн.риск-менеджмента;Ведущий исследователь данных;12;33;
1816460;Риски;"Блок ""Риски""";Деп-т интегрированн.риск-менеджмента;Рук-ль направления по исслед.данных;11;25;
1623482;Риски;"Блок ""Риски""";Деп-т интегрированн.риск-менеджмента;Рук-ль направления по исслед.данных;11;36;
1817630;Риски;"Блок ""Риски""";Деп-т интегрированн.риск-менеджмента;Ведущий исследователь данных;10;22;
1849876;Риски;"Блок ""Риски""";Деп-т интегрированн.риск-менеджмента;Ведущий исследователь данных;10;28;
60067;Риски;"Блок ""Риски""";Деп-т интегрированн.риск-менеджмента;Рук-ль направления по исслед.данных;11;41;
1817321;Риски;"Блок ""Риски""";Деп-т интегрированн.риск-менеджмента;Исследователь данных;09;23;
1785936;Риски;"Блок ""Риски""";Деп-т интегрированн.риск-менеджмента;Исследователь данных;08;23;
1804252;Риски;"Блок ""Риски""";Деп-т интегрированн.риск-менеджмента;Исследователь данных;09;24;
1809749;Риски;"Блок ""Риски""";Деп-т интегрированн.риск-менеджмента;Исследователь данных;09;28;
1740956;Риски;"Блок ""Риски""";Деп-т интегрированн.риск-менеджмента;Исследователь данных;08;21;
1628595;Риски;"Блок ""Риски""";Деп-т интегрированн.риск-менеджмента;Исполнительный директор-начальник центра;14;35;
1629715;Риски;"Блок ""Риски""";Деп-т интегрированн.риск-менеджмента;Исп.директор по исследованию данных;13;26;
1852513;Риски;"Блок ""Риски""";Деп-т интегрированн.риск-менеджмента;Исп.директор по исследованию данных;13;32;
1629087;Риски;"Блок ""Риски""";Деп-т интегрированн.риск-менеджмента;Рук-ль направления по исслед.данных;12;30;
1630881;Риски;"Блок ""Риски""";Деп-т интегрированн.риск-менеджмента;Ведущий исследователь данных;10;33;
1834584;Риски;"Блок ""Риски""";Деп-т интегрированн.риск-менеджмента;Исследователь данных;09;23;
1792756;Риски;"Блок ""Риски""";Деп-т интегрированн.риск-менеджмента;Исследователь данных;09;27;
1642130;Риски;"Блок ""Риски""";Деп-т интегрированн.риск-менеджмента;Исследователь данных;09;28;
1627470;Риски;"Блок ""Риски""";Деп-т интегрированн.риск-менеджмента;Управляющий директор-начальник центра;15;36;
1786190;Риски;"Блок ""Риски""";Деп-т интегрированн.риск-менеджмента;Исп.директор по исследованию данных;14;32;
1648660;Риски;"Блок ""Риски""";Деп-т интегрированн.риск-менеджмента;Исп.директор по исследованию данных;14;44;
1628168;Риски;"Блок ""Риски""";Деп-т интегрированн.риск-менеджмента;Рук-ль направления по исслед.данных;12;33;
1711372;Риски;"Блок ""Риски""";Деп-т интегрированн.риск-менеджмента;Рук-ль направления по исслед.данных;12;35;
1580223;Риски;"Блок ""Риски""";Деп-т интегрированн.риск-менеджмента;Исп.директор по исследованию данных;13;36;
29081;Риски;"Блок ""Риски""";Деп-т интегрированн.риск-менеджмента;Исп.директор по исследованию данных;13;35;
1638251;Риски;"Блок ""Риски""";Деп-т интегрированн.риск-менеджмента;Исп.директор по исследованию данных;13;31;
1833950;Риски;"Блок ""Риски""";Деп-т интегрированн.риск-менеджмента;Рук-ль направления по исслед.данных;12;30;
1748742;Риски;"Блок ""Риски""";Деп-т интегрированн.риск-менеджмента;Рук-ль направления по исслед.данных;11;26;
1778977;Риски;"Блок ""Риски""";Деп-т интегрированн.риск-менеджмента;Рук-ль направления по исслед.данных;12;36;
1652276;Риски;"Блок ""Риски""";Деп-т интегрированн.риск-менеджмента;Ведущий исследователь данных;10;30;
1013386;Риски;"Блок ""Риски""";Деп-т интегрированн.риск-менеджмента;Рук-ль направления по исслед.данных;12;32;
1638128;Риски;"Блок ""Риски""";Деп-т интегрированн.риск-менеджмента;Рук-ль направления по исслед.данных;12;37;
1651571;Риски;"Блок ""Риски""";Деп-т интегрированн.риск-менеджмента;Исследователь данных;09;25;
1703805;Риски;"Блок ""Риски""";Деп-т интегрированн.риск-менеджмента;Ведущий исследователь данных;10;24;
1846004;Риски;"Блок ""Риски""";Деп-т интегрированн.риск-менеджмента;Исследователь данных;09;26;
1819736;Риски;"Блок ""Риски""";Деп-т интегрированн.риск-менеджмента;Исследователь данных;09;25;
1795589;Риски;"Блок ""Риски""";Деп-т интегрированн.риск-менеджмента;Ведущий исследователь данных;10;25;
1802306;Риски;"Блок ""Риски""";Деп-т интегрированн.риск-менеджмента;Ведущий исследователь данных;10;27;
1813752;Риски;"Блок ""Риски""";Деп-т интегрированн.риск-менеджмента;Исследователь данных;08;23;
1813679;Риски;"Блок ""Риски""";Деп-т интегрированн.риск-менеджмента;Исследователь данных;08;23;
1626875;Риски;"Блок ""Риски""";Деп-т интегрированн.риск-менеджмента;Ведущий исследователь данных;10;26;
1852735;Риски;"Блок ""Риски""";Деп-т интегрированн.риск-менеджмента;Исследователь данных;08;29;
1708023;Риски;"Блок ""Риски""";Деп-т интегрированн.риск-менеджмента;Исследователь данных;09;26;
1813680;Риски;"Блок ""Риски""";Деп-т интегрированн.риск-менеджмента;Исследователь данных;08;25;
1821909;Риски;"Блок ""Риски""";Деп-т интегрированн.риск-менеджмента;Исследователь данных;08;24;
1816353;Риски;"Блок ""Риски""";Деп-т интегрированн.риск-менеджмента;Ведущий исследователь данных;10;24;
866493;Риски;"Блок ""Риски""";Деп-т интегрированн.риск-менеджмента;Управляющий директор-начальник центра;15;34;
1140723;Риски;"Блок ""Риски""";Деп-т интегрированн.риск-менеджмента;Исп.директор по исследованию данных;13;30;
1372273;Риски;"Блок ""Риски""";Деп-т интегрированн.риск-менеджмента;Исп.директор по исследованию данных;13;38;
1495672;Риски;"Блок ""Риски""";Деп-т интегрированн.риск-менеджмента;Исп.директор по исследованию данных;13;33;
1651964;Риски;"Блок ""Риски""";Деп-т интегрированн.риск-менеджмента;Исп.директор по исследованию данных;13;48;
1814166;Риски;"Блок ""Риски""";Деп-т интегрированн.риск-менеджмента;Ведущий исследователь данных;10;27;
1649674;Риски;"Блок ""Риски""";Деп-т интегрированн.риск-менеджмента;Рук-ль направления по исслед.данных;12;35;
901573;Риски;"Блок ""Риски""";Деп-т интегрированн.риск-менеджмента;Рук-ль направления по исслед.данных;11;33;
1701341;Риски;"Блок ""Риски""";Деп-т интегрированн.риск-менеджмента;Рук-ль направления по исслед.данных;12;41;
1590687;Риски;"Блок ""Риски""";Деп-т интегрированн.риск-менеджмента;Рук-ль направления по исслед.данных;12;34;
1440813;Риски;"Блок ""Риски""";Деп-т интегрированн.риск-менеджмента;Рук-ль направления по исслед.данных;12;38;
1688304;Риски;"Блок ""Риски""";Деп-т интегрированн.риск-менеджмента;Ведущий исследователь данных;10;26;
1354647;Риски;"Блок ""Риски""";Деп-т интегрированн.риск-менеджмента;Рук-ль направления по исслед.данных;11;29;
1572570;Риски;"Блок ""Риски""";Деп-т интегрированн.риск-менеджмента;Ведущий исследователь данных;10;30;
1550537;Риски;"Блок ""Риски""";Деп-т интегрированн.риск-менеджмента;Ведущий исследователь данных;10;25;
1606381;Риски;"Блок ""Риски""";Деп-т интегрированн.риск-менеджмента;Ведущий исследователь данных;10;27;
1794701;Риски;"Блок ""Риски""";Деп-т интегрированн.риск-менеджмента;Исследователь данных;09;26;
1825593;Риски;"Блок ""Риски""";Деп-т интегрированн.риск-менеджмента;Исследователь данных;09;23;
1837902;Риски;"Блок ""Риски""";Деп-т интегрированн.риск-менеджмента;Исследователь данных;08;38;
1747704;Риски;"Блок ""Риски""";Деп-т интегрированн.риск-менеджмента;Исследователь данных;09;24;
1411235;Риски;"Блок ""Риски""";Деп-т интегрированн.риск-менеджмента;Управляющий директор-начальник управлен.;16;36;
1826902;Риски;"Блок ""Риски""";Деп-т интегрированн.риск-менеджмента;Рук-ль направления по исслед.данных;11;30;
1849514;Риски;"Блок ""Риски""";Деп-т интегрированн.риск-менеджмента;Ведущий исследователь данных;10;26;
1851242;Риски;"Блок ""Риски""";Деп-т интегрированн.риск-менеджмента;Исследователь данных;08;25;
671618;Риски;"Блок ""Риски""";Деп-т интегрированн.риск-менеджмента;Упр.директор по исследованию данных;15;42;
1214114;Риски;"Блок ""Риски""";Деп-т интегрированн.риск-менеджмента;Исп.директор по исследованию данных;13;38;
1628624;Риски;"Блок ""Риски""";Деп-т интегрированн.риск-менеджмента;Исп.директор по исследованию данных;13;31;
41223;Риски;"Блок ""Риски""";Деп-т интегрированн.риск-менеджмента;Исследователь данных;09;53;
1679787;Риски;"Блок ""Риски""";Деп-т интегрированн.риск-менеджмента;Рук-ль направления по исслед.данных;12;28;
1661101;Риски;"Блок ""Риски""";Деп-т интегрированн.риск-менеджмента;Рук-ль направления по исслед.данных;11;39;
1847510;Риски;"Блок ""Риски""";Деп-т интегрированн.риск-менеджмента;Исследователь данных;08;47;
1778969;HR;"Блок ""HR""";"Дивизион ""HR платформа""";Исполнительный директор;14;30;
30055;GR, правовые вопросы;"Блок ""GR, прав.вопросы, комплаенс и ДЗО""";Правовой департамент;Управляющий директор-начальник отдела;15;34;
1656718;GR, правовые вопросы;"Блок ""GR, прав.вопросы, комплаенс и ДЗО""";Правовой департамент;Исп.директор по исследованию данных;13;40;
1819963;GR, правовые вопросы;"Блок ""GR, прав.вопросы, комплаенс и ДЗО""";Правовой департамент;Исп.директор по исследованию данных;13;35;
1677853;GR, правовые вопросы;"Блок ""GR, прав.вопросы, комплаенс и ДЗО""";Правовой департамент;Рук-ль направления по исслед.данных;12;25;
1721418;GR, правовые вопросы;"Блок ""GR, прав.вопросы, комплаенс и ДЗО""";Правовой департамент;Рук-ль направления по исслед.данных;12;32;
1124710;GR, правовые вопросы;"Блок ""GR, прав.вопросы, комплаенс и ДЗО""";Правовой департамент;Рук-ль направления по исслед.данных;12;32;
1615420;GR, правовые вопросы;"Блок ""GR, прав.вопросы, комплаенс и ДЗО""";Правовой департамент;Рук-ль направления по исслед.данных;11;26;
1727463;GR, правовые вопросы;"Блок ""GR, прав.вопросы, комплаенс и ДЗО""";Правовой департамент;Рук-ль направления по исслед.данных;11;27;
1796361;GR, правовые вопросы;"Блок ""GR, прав.вопросы, комплаенс и ДЗО""";Правовой департамент;Рук-ль направления по исслед.данных;11;30;
1818610;GR, правовые вопросы;"Блок ""GR, прав.вопросы, комплаенс и ДЗО""";Правовой департамент;Рук-ль направления по исслед.данных;11;23;
1798427;GR, правовые вопросы;"Блок ""GR, прав.вопросы, комплаенс и ДЗО""";Правовой департамент;Ведущий исследователь данных;10;29;
1743417;GR, правовые вопросы;"Блок ""GR, прав.вопросы, комплаенс и ДЗО""";Правовой департамент;Ведущий исследователь данных;10;39;
1792565;GR, правовые вопросы;"Блок ""GR, прав.вопросы, комплаенс и ДЗО""";Правовой департамент;Исследователь данных;09;23;
1854027;GR, правовые вопросы;"Блок ""GR, прав.вопросы, комплаенс и ДЗО""";Правовой департамент;Ведущий исследователь данных;10;21;
1677731;GR, правовые вопросы;"Блок ""GR, прав.вопросы, комплаенс и ДЗО""";Управление комплаенс;Управляющий директор-начальник отдела;15;32;
1733620;GR, правовые вопросы;"Блок ""GR, прав.вопросы, комплаенс и ДЗО""";Управление комплаенс;Исп.директор по исследованию данных;13;33;
1809384;GR, правовые вопросы;"Блок ""GR, прав.вопросы, комплаенс и ДЗО""";Управление комплаенс;Ведущий исследователь данных;10;25;
1812948;GR, правовые вопросы;"Блок ""GR, прав.вопросы, комплаенс и ДЗО""";Управление комплаенс;Ведущий исследователь данных;10;25;
1823531;GR, правовые вопросы;"Блок ""GR, прав.вопросы, комплаенс и ДЗО""";Управление комплаенс;Ведущий исследователь данных;08;22;
462817;Подр-ния вне блоков;Подразделения вне блоков;Упр.развит.компетенций по исслед.данных;Исполнительный директор;14;37;
1846051;Подр-ния вне блоков;Подразделения вне блоков;Упр.развит.компетенций по исслед.данных;Руководитель направления;12;24;
1793164;Подр-ния вне блоков;Подразделения вне блоков;Упр.развит.компетенций по исслед.данных;Руководитель направления;11;32;
1642216;Подр-ния вне блоков;Подразделения вне блоков;Упр.развит.компетенций по исслед.данных;Руководитель направления;11;26;
1653823;Подр-ния вне блоков;Подразделения вне блоков;Упр.развит.компетенций по исслед.данных;Главный специалист;10;28;
1769865;Подр-ния вне блоков;Подразделения вне блоков;Упр.развит.компетенций по исслед.данных;Главный специалист;09;24;
1668558;Подр-ния вне блоков;Подразделения вне блоков;Упр.развит.компетенций по исслед.данных;Ведущий специалист;09;22;
1766711;Подр-ния вне блоков;Подразделения вне блоков;Упр.развит.компетенций по исслед.данных;Ведущий специалист;09;26;
1738522;Подр-ния вне блоков;Подразделения вне блоков;Упр.развит.компетенций по исслед.данных;Главный специалист;10;36;
19376;Подр-ния вне блоков;Подразделения вне блоков;Упр.развит.компетенций по исслед.данных;Старший управляющий директор-дир.управл.;18;37;
1853437;Подр-ния вне блоков;Подразделения вне блоков;Лаборатория по искусственному интеллекту;Исполнительный директор;13-А-ИТ;28;
1695604;Подр-ния вне блоков;Подразделения вне блоков;Лаборатория по искусственному интеллекту;Исполнительный директор;13;35;
1616792;Подр-ния вне блоков;Подразделения вне блоков;Лаборатория по искусственному интеллекту;Исполнительный директор;13;39;
1499423;Подр-ния вне блоков;Подразделения вне блоков;Лаборатория по искусственному интеллекту;Исполнительный директор;13;30;
1856076;Подр-ния вне блоков;Подразделения вне блоков;Лаборатория по искусственному интеллекту;Руководитель направления;12;28;
1856031;Подр-ния вне блоков;Подразделения вне блоков;Лаборатория по искусственному интеллекту;Руководитель направления;12;34;
1837784;Подр-ния вне блоков;Подразделения вне блоков;Лаборатория по искусственному интеллекту;Руководитель направления;12;29;
1855949;Подр-ния вне блоков;Подразделения вне блоков;Лаборатория по искусственному интеллекту;Руководитель направления;12;30;
1711518;Подр-ния вне блоков;Подразделения вне блоков;Лаборатория по искусственному интеллекту;Руководитель направления;11;33;
1820067;Подр-ния вне блоков;Подразделения вне блоков;Лаборатория по искусственному интеллекту;Главный специалист;10;23;
1814256;Подр-ния вне блоков;Подразделения вне блоков;Лаборатория по искусственному интеллекту;Главный специалист;10;30;
1815624;Подр-ния вне блоков;Подразделения вне блоков;Лаборатория по искусственному интеллекту;Главный специалист;10;26;
1835898;Подр-ния вне блоков;Подразделения вне блоков;Лаборатория по искусственному интеллекту;Главный специалист;10;28;
1237270;Подр-ния вне блоков;Подразделения вне блоков;Лаборатория по искусственному интеллекту;Руководитель направления;11;32;
1841351;Подр-ния вне блоков;Подразделения вне блоков;Лаборатория по искусственному интеллекту;Главный специалист;10;23;
1809362;Подр-ния вне блоков;Подразделения вне блоков;Лаборатория по искусственному интеллекту;Ведущий специалист;09;24;
1851458;Подр-ния вне блоков;Подразделения вне блоков;Лаборатория по искусственному интеллекту;Главный специалист;10;23;
1792038;Подр-ния вне блоков;Подразделения вне блоков;Лаборатория по искусственному интеллекту;Главный специалист;10;21;
1509903;Подр-ния вне блоков;Подразделения вне блоков;Лаборатория по искусственному интеллекту;Исполнительный директор;14;33;
1510042;Подр-ния вне блоков;Подразделения вне блоков;Лаборатория по искусственному интеллекту;Исполнительный директор;13;28;
1768150;Подр-ния вне блоков;Подразделения вне блоков;Лаборатория по искусственному интеллекту;Руководитель направления;11;32;
1768131;Подр-ния вне блоков;Подразделения вне блоков;Лаборатория по искусственному интеллекту;Руководитель направления;12;36;
1800715;Подр-ния вне блоков;Подразделения вне блоков;Лаборатория по искусственному интеллекту;Руководитель направления;12;34;
1654801;Подр-ния вне блоков;Подразделения вне блоков;Лаборатория по искусственному интеллекту;Руководитель направления;12;25;
1791158;Подр-ния вне блоков;Подразделения вне блоков;Лаборатория по искусственному интеллекту;Главный специалист;10;27;
1618323;Подр-ния вне блоков;Подразделения вне блоков;Лаборатория по искусственному интеллекту;Управляющий директор;15;40;
1764840;Подр-ния вне блоков;Подразделения вне блоков;Лаборатория по искусственному интеллекту;Руководитель направления;12;34;
1806539;Подр-ния вне блоков;Подразделения вне блоков;Лаборатория по искусственному интеллекту;Руководитель направления;12;35;
1854962;Подр-ния вне блоков;Подразделения вне блоков;Лаборатория по искусственному интеллекту;Руководитель направления;12;33;
1822724;Подр-ния вне блоков;Подразделения вне блоков;Лаборатория по искусственному интеллекту;Руководитель направления;12;38;
1766460;Подр-ния вне блоков;Подразделения вне блоков;Лаборатория по искусственному интеллекту;Руководитель направления;12;29;
1532740;Подр-ния вне блоков;Подразделения вне блоков;Лаборатория по искусственному интеллекту;Руководитель направления;11;30;
1720262;Подр-ния вне блоков;Подразделения вне блоков;Лаборатория по искусственному интеллекту;Руководитель направления;11;32;
1774628;Подр-ния вне блоков;Подразделения вне блоков;Лаборатория по искусственному интеллекту;Главный специалист;10;23;
1856437;Подр-ния вне блоков;Подразделения вне блоков;Лаборатория по искусственному интеллекту;Ведущий специалист;09;30;
1842658;Подр-ния вне блоков;Подразделения вне блоков;Лаборатория по искусственному интеллекту;Главный специалист;10;30;
1840618;Подр-ния вне блоков;Подразделения вне блоков;Лаборатория по искусственному интеллекту;Главный специалист;10;29;
1738752;Подр-ния вне блоков;Подразделения вне блоков;Лаборатория нейронаук и поведен.человека;Руководитель направления;12-А-А;30;
1738738;Подр-ния вне блоков;Подразделения вне блоков;Лаборатория нейронаук и поведен.человека;Рук-ль направления по исслед.данных;12-А-А;25;
1844913;Подр-ния вне блоков;Подразделения вне блоков;Лаборатория нейронаук и поведен.человека;Рук-ль направления по исслед.данных;11-А-А;31;
1856436;Подр-ния вне блоков;Подразделения вне блоков;Лаборатория нейронаук и поведен.человека;Исполнительный директор;13;32;
1854961;Подр-ния вне блоков;Подразделения вне блоков;Лаборатория нейронаук и поведен.человека;Рук-ль направления по исслед.данных;12;29;
1742973;Подр-ния вне блоков;Подразделения вне блоков;Лаборатория нейронаук и поведен.человека;Рук-ль направления по исслед.данных;12;29;
1855487;Подр-ния вне блоков;Подразделения вне блоков;Лаборатория нейронаук и поведен.человека;Ведущий исследователь данных;10;24;
1798961;Подр-ния вне блоков;Подразделения вне блоков;Офис Agile трансф-ции и внедр. инстр.изм;Исследователь данных;10;25;
6662;Стратегия и развитие;"Блок ""Стратегия и развитие""";Департамент стратегии и развития;Исп.директор по исследованию данных;13;41;
1189279;Стратегия и развитие;"Блок ""Стратегия и развитие""";Департамент стратегии и развития;Управляющий директор;16;40;
1609844;Стратегия и развитие;"Блок ""Стратегия и развитие""";Департамент стратегии и развития;Исп.директор по исследованию данных;13;25;
1782125;Стратегия и развитие;"Блок ""Стратегия и развитие""";Департамент стратегии и развития;Ведущий исследователь данных;10;27;
1848672;Стратегия и развитие;"Блок ""Стратегия и развитие""";Департамент стратегии и развития;Менеджер;10;23;
1811177;Стратегия и развитие;"Блок ""Стратегия и развитие""";Департамент стратегии и развития;Аналитик;08;22;
1825156;Стратегия и развитие;"Блок ""Стратегия и развитие""";Департамент стратегии и развития;Исследователь данных;09;25;
1834741;Стратегия и развитие;"Блок ""Стратегия и развитие""";Департамент стратегии и развития;Ведущий исследователь данных;10;23;
1497112;Подр. внутр. аудита;Прямое подчинение Президенту;Управление внутреннего аудита;Руководитель направления;11;34;
1572495;Подр. с проблем акт.;Подразделения вне блоков;Департамент по работе с проблем.активами;Исп.директор по исследованию данных;13;28;
1635731;Подр. с проблем акт.;Подразделения вне блоков;Департамент по работе с проблем.активами;Ведущий исследователь данных;10;24;
40807;Подр. с проблем акт.;Подразделения вне блоков;Департамент по работе с проблем.активами;Ведущий исследователь данных;09;40;
1674861;Подр. с проблем акт.;Подразделения вне блоков;Департамент по работе с проблем.активами;Исследователь данных;09;25;
1728808;Подр. с проблем акт.;Подразделения вне блоков;Департамент по работе с проблем.активами;Исп.директор по исследованию данных;13;27;
1824845;Подр. с проблем акт.;Подразделения вне блоков;Департамент по работе с проблем.активами;Рук-ль направления по исслед.данных;12;28;
1780999;Подр. с проблем акт.;Подразделения вне блоков;Департамент по работе с проблем.активами;Исследователь данных;09;25;
1835867;Подр. с проблем акт.;Подразделения вне блоков;Департамент по работе с проблем.активами;Рук-ль направления по исслед.данных;11;31;
1801004;Подр. маркетинга;Подразделения вне блоков;Департамент маркетинга и коммуникаций;Рук-ль направления по исслед.данных;11;30;
1644055;Подр. маркетинга;Подразделения вне блоков;Департамент маркетинга и коммуникаций;Управляющий директор-начальник управлен.;15;35;
1303688;Подр. маркетинга;Подразделения вне блоков;Департамент маркетинга и коммуникаций;Исп.директор по исследованию данных;13;37;
1803835;Подр. маркетинга;Подразделения вне блоков;Департамент маркетинга и коммуникаций;Рук-ль направления по исслед.данных;12;36;
1714798;Подр. маркетинга;Подразделения вне блоков;Департамент маркетинга и коммуникаций;Рук-ль направления по исслед.данных;12;42;
1814825;Подр. маркетинга;Подразделения вне блоков;Департамент маркетинга и коммуникаций;Рук-ль направления по исслед.данных;11;32;
963327;Подр. маркетинга;Подразделения вне блоков;Департамент маркетинга и коммуникаций;Рук-ль направления по исслед.данных;11;31;
1808703;Подр. маркетинга;Подразделения вне блоков;Департамент маркетинга и коммуникаций;Ведущий исследователь данных;10;23;
1818861;Подр. маркетинга;Подразделения вне блоков;Департамент маркетинга и коммуникаций;Ведущий исследователь данных;10;32;
1837974;Подр. маркетинга;Подразделения вне блоков;Департамент маркетинга и коммуникаций;Исследователь данных;08;21;
1855621;Подр. маркетинга;Подразделения вне блоков;Департамент маркетинга и коммуникаций;Исследователь данных;09;25;
1840930;Подр. маркетинга;Подразделения вне блоков;Департамент маркетинга и коммуникаций;Рук-ль направления по исслед.данных;12;24;
885118;Технологии;Операционный центр;Центр сопровождения дистанц. взыскания;Ведущий исследователь данных;10;37;
1395239;Технологии;Операционный центр;Центр эмиссии банковских карт;Ведущий исследователь данных;10;38;
1503010;Технологии;Операционный центр;Центр эмиссии банковских карт;Ведущий исследователь данных;10;38;
1805834;Технологии;Межрегиональный центр тех.поддержки 2016;Группа разработки;Ведущий исследователь данных;10;24;
1667412;Технологии;"Блок ""Технологии""";Лаборатория кибербезопасности;Руководитель направления;11;32;
1774307;Технологии;"Блок ""Технологии""";"Департамент ИТ блока ""HR""";Ведущий исследователь данных;10;26;
1790445;Технологии;"Блок ""Технологии""";"Департамент ИТ блока ""HR""";Рук-ль направления по исслед.данных;11;27;
1784911;Технологии;"Блок ""Технологии""";"Департамент ИТ блока ""HR""";Рук-ль направления по исслед.данных;11;31;
1670581;Технологии;"Блок ""Технологии""";"Департамент ИТ блока ""HR""";Рук-ль направления по исслед.данных;11;35;
1772521;Технологии;"Блок ""Технологии""";"Департамент ИТ блока ""HR""";Ведущий исследователь данных;10;28;
1804642;Технологии;"Блок ""Технологии""";"Департамент ИТ блока ""HR""";Ведущий исследователь данных;10;31;
1668754;Технологии;"Блок ""Технологии""";"Департамент ИТ блока ""HR""";Ведущий исследователь данных;10;36;
1791066;Технологии;"Блок ""Технологии""";"Департамент ИТ блока ""HR""";Исследователь данных;09;26;
1792980;Технологии;"Блок ""Технологии""";"Департамент ИТ блока ""HR""";Исследователь данных;07;28;
1785785;Технологии;"Блок ""Технологии""";"Департамент ИТ блока ""HR""";Исследователь данных;08;23;
1807895;Технологии;"Блок ""Технологии""";"Департамент ИТ блока ""HR""";Исследователь данных;08;29;
1793389;Технологии;"Блок ""Технологии""";Департамент ИТ блока РБ;Рук-ль направления по исслед.данных;12;32;
1828970;Технологии;"Блок ""Технологии""";Департамент ИТ блока РБ;Рук-ль направления по исслед.данных;12;37;
1784453;Технологии;"Блок ""Технологии""";Департамент ИТ блока РБ;Рук-ль направления по исслед.данных;11;31;
1807883;Технологии;"Блок ""Технологии""";Департамент ИТ блока РБ;Ведущий исследователь данных;10;28;
1582157;Технологии;"Блок ""Технологии""";Департамент ИТ блока РБ;Ведущий исследователь данных;10;31;
1813166;Технологии;"Блок ""Технологии""";Департамент ИТ блока РБ;Исследователь данных;09;29;
1829729;Технологии;"Блок ""Технологии""";Департамент ИТ блока РБ;Ведущий исследователь данных;10;27;
1748747;Технологии;"Блок ""Технологии""";Департамент ИТ блока РБ;Рук-ль направления по исслед.данных;11;36;
1771090;Технологии;"Блок ""Технологии""";Департамент управления данными (SberData;Исследователь данных;09;28;
1785152;Технологии;"Блок ""Технологии""";Департамент управления данными (SberData;Исследователь данных;08;23;
1777709;Технологии;"Блок ""Технологии""";Департамент управления данными (SberData;Ведущий исследователь данных;10;31;
1788693;Технологии;"Блок ""Технологии""";Департамент управления данными (SberData;Ведущий исследователь данных;10;31;
1625437;Технологии;"Блок ""Технологии""";Департамент управления данными (SberData;Рук-ль направления по исслед.данных;11;25;
1656551;Технологии;"Блок ""Технологии""";Департамент управления данными (SberData;Рук-ль направления по исслед.данных;11;27;
1615562;Технологии;"Блок ""Технологии""";Департамент управления данными (SberData;Рук-ль направления по исслед.данных;12;28;
1653368;Технологии;"Блок ""Технологии""";Департамент управления данными (SberData;Исп.директор по исследованию данных;13;37;
1674171;Технологии;"Блок ""Технологии""";Департамент управления данными (SberData;Исп.директор по исследованию данных;13;48;
1674172;Технологии;"Блок ""Технологии""";Департамент управления данными (SberData;Рук-ль направления по исслед.данных;12;32;
1674170;Технологии;"Блок ""Технологии""";Департамент управления данными (SberData;Рук-ль направления по исслед.данных;12;42;
1653123;Технологии;"Блок ""Технологии""";Департамент управления данными (SberData;Рук-ль направления по исслед.данных;11;26;
1788706;Технологии;"Блок ""Технологии""";Департамент управления данными (SberData;Рук-ль направления по исслед.данных;11;37;
1815645;Технологии;"Блок ""Технологии""";Департамент управления данными (SberData;Рук-ль направления по исслед.данных;11;25;
1658797;Технологии;"Блок ""Технологии""";Департамент управления данными (SberData;Рук-ль направления по исслед.данных;11;32;
1668855;Технологии;"Блок ""Технологии""";Департамент управления данными (SberData;Ведущий исследователь данных;10;28;
1707762;Технологии;"Блок ""Технологии""";Департамент управления данными (SberData;Ведущий исследователь данных;10;37;
1785583;Технологии;"Блок ""Технологии""";Департамент управления данными (SberData;Исследователь данных;08;23;
1844166;Технологии;"Блок ""Технологии""";Департамент управления данными (SberData;Исследователь данных;09;36;
1610119;Технологии;"Блок ""Технологии""";Департамент управления данными (SberData;Управляющий директор-начальник отдела;15;35;
1615556;Технологии;"Блок ""Технологии""";Департамент управления данными (SberData;Исп.директор по исследованию данных;13;31;
5645;Технологии;"Блок ""Технологии""";Департамент технологич. над-ти (SberНад);Рук-ль направления по исслед.данных;12;33;
1789214;Технологии;"Блок ""Технологии""";Департамент технологич. над-ти (SberНад);Исследователь данных;09;23;
1788512;Технологии;"Блок ""Технологии""";Департамент технологич. над-ти (SberНад);Рук-ль направления по исслед.данных;12;39;
1837896;Технологии;"Блок ""Технологии""";Департамент технологич. над-ти (SberНад);Рук-ль направления по исслед.данных;12;27;
1843112;Технологии;"Блок ""Технологии""";Департамент технологич. над-ти (SberНад);Рук-ль направления по исслед.данных;12;38;
1725973;Технологии;"Блок ""Технологии""";Департамент технологич. над-ти (SberНад);Ведущий исследователь данных;10;25;
1814823;Технологии;"Блок ""Технологии""";Департамент технологич. над-ти (SberНад);Рук-ль направления по исслед.данных;11;42;
1814809;Технологии;"Блок ""Технологии""";Департамент технологич. над-ти (SberНад);Рук-ль направления по исслед.данных;11;24;
1781820;Технологии;"Блок ""Технологии""";Департамент технологич. над-ти (SberНад);Ведущий исследователь данных;10;25;
1796099;Технологии;"Блок ""Технологии""";Департамент технологич. над-ти (SberНад);Исследователь данных;08;24;
1743821;Технологии;"Блок ""Технологии""";Департамент технологич. над-ти (SberНад);Исследователь данных;09;42;
1523044;Технологии;"Блок ""Технологии""";Департамент технологич. над-ти (SberНад);Исп.директор по исследованию данных;13;35;
1813893;Технологии;"Блок ""Технологии""";Див.разв.и сопров.произ.проц.(SberWorks);Рук-ль направления по исслед.данных;12;30;
1811045;Технологии;"Блок ""Технологии""";Див.разв.и сопров.произ.проц.(SberWorks);Рук-ль направления по исслед.данных;12;39;
1657953;Технологии;"Блок ""Технологии""";"Департамент ИТ блока ""КИБ""";Рук-ль направления по исслед.данных;12;44;
1812273;Технологии;"Блок ""Технологии""";"Департамент ИТ блока ""КИБ""";Рук-ль направления по исслед.данных;11;38;
1657141;Технологии;"Блок ""Технологии""";"Департамент ИТ блока ""КИБ""";Рук-ль направления по исслед.данных;11;35;
1702672;Технологии;"Блок ""Технологии""";"Департамент ИТ блока ""КИБ""";Ведущий исследователь данных;10;24;
1835610;Технологии;"Блок ""Технологии""";"Департамент ИТ блока ""КИБ""";Ведущий исследователь данных;10;33;
1656891;Технологии;"Блок ""Технологии""";"Департамент ИТ блока ""КИБ""";Рук-ль направления по исслед.данных;11;38;
1801658;Технологии;"Блок ""Технологии""";"Департамент ИТ блока ""КИБ""";Рук-ль направления по исслед.данных;11;29;
1659095;Технологии;"Блок ""Технологии""";"Департамент ИТ блока ""КИБ""";Рук-ль направления по исслед.данных;12;41;
1783646;Технологии;"Блок ""Технологии""";"Департамент ИТ блока ""КИБ""";Исследователь данных;09;28;
1827450;Технологии;"Блок ""Технологии""";"Департамент ИТ блока ""КИБ""";Ведущий исследователь данных;10-А-ИТ;25;
1852633;Технологии;"Блок ""Технологии""";"Департамент ИТ блока ""КИБ""";Рук-ль направления по исслед.данных;11-А-ИТ;35;
1706057;Технологии;"Блок ""Технологии""";"Департамент ИТ блока ""КИБ""";Исп.директор по исследованию данных;13;29;
1653521;Технологии;"Блок ""Технологии""";"Департамент ИТ блока ""КИБ""";Ведущий исследователь данных;10;33;
1808471;Технологии;"Блок ""Технологии""";"Департамент ИТ блока ""КИБ""";Ведущий исследователь данных;10-А-ИТ;28;
1796473;Технологии;"Блок ""Технологии""";"Департамент ИТ блока ""КИБ""";Рук-ль направления по исслед.данных;11-А-ИТ;37;
1803452;Технологии;"Блок ""Технологии""";"Департамент ИТ блока ""КИБ""";Исследователь данных;8-А-ИТ;23;
1812800;Технологии;"Блок ""Технологии""";"Департамент ИТ блока ""КИБ""";Ведущий исследователь данных;10-А-ИТ;27;
1742356;Технологии;"Блок ""Технологии""";"Департамент ИТ блока ""КИБ""";Старший инженер по разработке;08;24;
1783470;Технологии;"Блок ""Технологии""";"Департамент ИТ блока ""КИБ""";Исследователь данных;08;25;
1837951;Технологии;"Блок ""Технологии""";"Департамент ИТ блока ""КИБ""";Рук-ль направления по исслед.данных;11;25;
1802989;Технологии;"Блок ""Технологии""";"Департамент ИТ блока ""КИБ""";Исследователь данных;09;24;
1815065;Технологии;"Блок ""Технологии""";"Департамент ИТ блока ""КИБ""";Рук-ль направления по исслед.данных;11;27;
1789992;Технологии;"Блок ""Технологии""";"Департамент ИТ блока ""КИБ""";Рук-ль направления по исслед.данных;12;28;
1788657;Технологии;"Блок ""Технологии""";"Департамент ИТ блока ""КИБ""";Рук-ль направления по исслед.данных;12;26;
1778149;Технологии;"Блок ""Технологии""";"Департамент ИТ блока ""КИБ""";Исп.директор по исследованию данных;13;25;
1814021;Технологии;"Блок ""Технологии""";"Департамент ИТ блока ""КИБ""";Ведущий исследователь данных;10;31;
1816228;Технологии;"Блок ""Технологии""";"Департамент ИТ блока ""КИБ""";Исследователь данных;09;23;
1814032;Технологии;"Блок ""Технологии""";"Департамент ИТ блока ""КИБ""";Исследователь данных;09;23;
1780411;Технологии;"Блок ""Технологии""";Департамент ИТ ДРУГ;Рук-ль направления по исслед.данных;12;34;
1028618;Сервисы;Прямое подчинение Президенту;Секретариат;Советник зам.Председателя Правления;15;51;
1550020;Сервисы;"Блок ""Сервисы""";Центр управ-я наличным денеж-м обращ-ем;Рук-ль направления по исслед.данных;12;44;
910332;Сервисы;"Блок ""Сервисы""";Центр управ-я наличным денеж-м обращ-ем;Исследователь данных;09;31;
1762443;Сервисы;"Блок ""Сервисы""";Центр управ-я наличным денеж-м обращ-ем;Ведущий исследователь данных;10;23;
1342454;Сервисы;"Блок ""Сервисы""";Департамент кибербезопасности;Рук-ль направления по исслед.данных;12;32;
1602856;Сервисы;"Блок ""Сервисы""";Департамент кибербезопасности;Рук-ль направления по исслед.данных;11;35;
1639128;Сервисы;"Блок ""Сервисы""";Департамент кибербезопасности;Ведущий исследователь данных;10;26;
1479576;Сервисы;"Блок ""Сервисы""";Департамент кибербезопасности;Рук-ль направления по исслед.данных;11;30;
1787055;Сервисы;"Блок ""Сервисы""";Департамент кибербезопасности;Исследователь данных;09;23;
35858;Сервисы;"Блок ""Сервисы""";Департамент кибербезопасности;Исп.директор по исследованию данных;13;42;
1794616;Сервисы;"Блок ""Сервисы""";Департамент кибербезопасности;Исследователь данных;09;47;
1582989;Сервисы;"Блок ""Сервисы""";"Центр искусств. интелл. блока ""Сервисы""";Управляющий директор-директор центра;16;51;
1437018;Сервисы;"Блок ""Сервисы""";"Центр искусств. интелл. блока ""Сервисы""";Исп.директор по исследованию данных;14;31;
28442;Сервисы;"Блок ""Сервисы""";"Центр искусств. интелл. блока ""Сервисы""";Исп.директор по исследованию данных;13;35;
1741987;Сервисы;"Блок ""Сервисы""";"Центр искусств. интелл. блока ""Сервисы""";Исследователь данных;08;23;
1001781;Сервисы;"Блок ""Сервисы""";"Центр искусств. интелл. блока ""Сервисы""";Рук-ль направления по исслед.данных;12;38;
1656837;Сервисы;"Блок ""Сервисы""";"Центр искусств. интелл. блока ""Сервисы""";Рук-ль направления по исслед.данных;12;33;
1826037;Сервисы;"Блок ""Сервисы""";"Центр искусств. интелл. блока ""Сервисы""";Рук-ль направления по исслед.данных;11;35;
1813625;Сервисы;"Блок ""Сервисы""";"Центр искусств. интелл. блока ""Сервисы""";Рук-ль направления по исслед.данных;11;28;
1831400;Сервисы;"Блок ""Сервисы""";"Центр искусств. интелл. блока ""Сервисы""";Ведущий исследователь данных;10;22;
1718550;Сервисы;"Блок ""Сервисы""";"Центр искусств. интелл. блока ""Сервисы""";Рук-ль направления по исслед.данных;11;31;
1796386;Сервисы;"Блок ""Сервисы""";"Центр искусств. интелл. блока ""Сервисы""";Ведущий исследователь данных;10;30;
84994;Sberbank Int.;"Блок ""Sberbank International""";Упр.по раб.с междунар.дочерн.банк.и РБ;Исполнительный директор;14;53;
1436786;Сеть продаж;"Блок ""Сеть продаж""";Департамент продаж и обслуж.в канале ВСП;Рук-ль направления по исслед.данных;12;40;
1756782;Сеть продаж;"Блок ""Сеть продаж""";Департамент продаж и обслуж.в канале ВСП;Ведущий исследователь данных;10;27;
1575977;Сеть продаж;"Блок ""Сеть продаж""";Упр-ние моделирования и исслед. данных;Исп.директор по исследованию данных;14;30;
1508199;Сеть продаж;"Блок ""Сеть продаж""";Упр-ние моделирования и исслед. данных;Исп.директор по исследованию данных;14;31;
1837899;Сеть продаж;"Блок ""Сеть продаж""";Упр-ние моделирования и исслед. данных;Исп.директор по исследованию данных;13;36;
1507129;Сеть продаж;"Блок ""Сеть продаж""";Упр-ние моделирования и исслед. данных;Исп.директор по исследованию данных;13;29;
1810230;Сеть продаж;"Блок ""Сеть продаж""";Упр-ние моделирования и исслед. данных;Исп.директор по исследованию данных;13;30;
1784933;Сеть продаж;"Блок ""Сеть продаж""";Упр-ние моделирования и исслед. данных;Исп.директор по исследованию данных;13;32;
1792586;Сеть продаж;"Блок ""Сеть продаж""";Упр-ние моделирования и исслед. данных;Рук-ль направления по исслед.данных;12;38;
1771446;Сеть продаж;"Блок ""Сеть продаж""";Упр-ние моделирования и исслед. данных;Рук-ль направления по исслед.данных;12;38;
1799039;Сеть продаж;"Блок ""Сеть продаж""";Упр-ние моделирования и исслед. данных;Рук-ль направления по исслед.данных;12;29;
1785190;Сеть продаж;"Блок ""Сеть продаж""";Упр-ние моделирования и исслед. данных;Рук-ль направления по исслед.данных;12;41;
1781465;Сеть продаж;"Блок ""Сеть продаж""";Упр-ние моделирования и исслед. данных;Рук-ль направления по исслед.данных;12;32;
1802287;Сеть продаж;"Блок ""Сеть продаж""";Упр-ние моделирования и исслед. данных;Рук-ль направления по исслед.данных;11;23;
1782113;Сеть продаж;"Блок ""Сеть продаж""";Упр-ние моделирования и исслед. данных;Рук-ль направления по исслед.данных;12;34;
1784338;Сеть продаж;"Блок ""Сеть продаж""";Упр-ние моделирования и исслед. данных;Рук-ль направления по исслед.данных;11;31;
1796378;Сеть продаж;"Блок ""Сеть продаж""";Упр-ние моделирования и исслед. данных;Рук-ль направления по исслед.данных;11;25;
1814873;Сеть продаж;"Блок ""Сеть продаж""";Упр-ние моделирования и исслед. данных;Ведущий исследователь данных;10;23;
1787408;Сеть продаж;"Блок ""Сеть продаж""";Упр-ние моделирования и исслед. данных;Ведущий исследователь данных;10;26;
1685015;Сеть продаж;"Блок ""Сеть продаж""";Упр-ние моделирования и исслед. данных;Ведущий исследователь данных;10;26;
1810930;Сеть продаж;"Блок ""Сеть продаж""";Упр-ние моделирования и исслед. данных;Ведущий исследователь данных;10;27;
1779281;Сеть продаж;"Блок ""Сеть продаж""";Упр-ние моделирования и исслед. данных;Исследователь данных;08;23;
1542612;Сеть продаж;"Блок ""Сеть продаж""";Упр-ние моделирования и исслед. данных;Младший исследователь данных;07;33;
1451267;Сеть продаж;"Блок ""Сеть продаж""";Упр-ние моделирования и исслед. данных;Исп.директор по исследованию данных;14;28;
1504499;Сеть продаж;"Блок ""Сеть продаж""";Упр-ние моделирования и исслед. данных;Исп.директор по исследованию данных;13;31;
1776619;Сеть продаж;"Блок ""Сеть продаж""";Упр-ние моделирования и исслед. данных;Исп.директор по исследованию данных;13;33;
1429382;Сеть продаж;"Блок ""Сеть продаж""";Упр-ние моделирования и исслед. данных;Рук-ль направления по исслед.данных;12;28;
1806798;Сеть продаж;"Блок ""Сеть продаж""";Упр-ние моделирования и исслед. данных;Рук-ль направления по исслед.данных;12;32;
1582498;Сеть продаж;"Блок ""Сеть продаж""";Упр-ние моделирования и исслед. данных;Рук-ль направления по исслед.данных;12;29;
1808186;Сеть продаж;"Блок ""Сеть продаж""";Упр-ние моделирования и исслед. данных;Рук-ль направления по исслед.данных;12;27;
1696317;Сеть продаж;"Блок ""Сеть продаж""";Упр-ние моделирования и исслед. данных;Рук-ль направления по исслед.данных;11;27;
1794336;Сеть продаж;"Блок ""Сеть продаж""";Упр-ние моделирования и исслед. данных;Ведущий исследователь данных;10;26;
1544441;Сеть продаж;"Блок ""Сеть продаж""";Упр-ние моделирования и исслед. данных;Рук-ль направления по исслед.данных;11;34;
1714570;Сеть продаж;"Блок ""Сеть продаж""";Упр-ние моделирования и исслед. данных;Рук-ль направления по исслед.данных;12;30;
1791056;Сеть продаж;"Блок ""Сеть продаж""";Упр-ние моделирования и исслед. данных;Исследователь данных;09;24;
1782722;Сеть продаж;"Блок ""Сеть продаж""";Упр-ние моделирования и исслед. данных;Рук-ль направления по исслед.данных;11;23;
1819993;Сеть продаж;"Блок ""Сеть продаж""";Упр-ние моделирования и исслед. данных;Ведущий исследователь данных;10;25;
1739415;Сеть продаж;"Блок ""Сеть продаж""";Упр-ние моделирования и исслед. данных;Рук-ль направления по исслед.данных;11;34;
1700701;Сеть продаж;"Блок ""Сеть продаж""";Упр-ние моделирования и исслед. данных;Исследователь данных;09;24;
1806786;Сеть продаж;"Блок ""Сеть продаж""";Упр-ние моделирования и исслед. данных;Ведущий исследователь данных;10;27;
1780595;Сеть продаж;"Блок ""Сеть продаж""";Упр-ние моделирования и исслед. данных;Ведущий исследователь данных;10;23;
1788995;Сеть продаж;"Блок ""Сеть продаж""";Упр-ние моделирования и исслед. данных;Исследователь данных;09;26;
1804299;Сеть продаж;"Блок ""Сеть продаж""";Упр-ние моделирования и исслед. данных;Исследователь данных;09;38;
1830281;Сеть продаж;"Блок ""Сеть продаж""";Упр-ние моделирования и исслед. данных;Младший исследователь данных;07;23;
1156969;Сеть продаж;"Блок ""Сеть продаж""";Упр-ние моделирования и исслед. данных;Управляющий директор-директор управления;16;39;
1711364;Корпор-инвест бизнес;"Блок ""КИБ""";"Дивизион ""Малый и Микро Бизнес""";Ведущий исследователь данных;10;25;
1671303;Корпор-инвест бизнес;"Блок ""КИБ""";"Дивизион ""Малый и Микро Бизнес""";Ведущий исследователь данных;10;25;
1589980;Корпор-инвест бизнес;"Блок ""КИБ""";"Дивизион ""Малый и Микро Бизнес""";Рук-ль направления по исслед.данных;12;37;
1666015;Корпор-инвест бизнес;"Блок ""КИБ""";"Дивизион ""Малый и Микро Бизнес""";Рук-ль направления по исслед.данных;11;26;
1775700;Корпор-инвест бизнес;"Блок ""КИБ""";"Дивизион ""Малый и Микро Бизнес""";Ведущий исследователь данных;10;28;
75814;Корпор-инвест бизнес;"Блок ""КИБ""";"Дивизион ""Малый и Микро Бизнес""";Ведущий аналитик данных;10;35;
1743729;Корпор-инвест бизнес;"Блок ""КИБ""";"Дивизион ""Малый и Микро Бизнес""";Ведущий аналитик данных;10;29;
1706741;Корпор-инвест бизнес;"Блок ""КИБ""";"Дивизион ""Корпоративные клиенты 360""";Исследователь данных;9-А-О2;37;
1798237;Корпор-инвест бизнес;"Блок ""КИБ""";"Дивизион ""Корпоративные клиенты 360""";Исследователь данных;9-А-О2;24;
1707090;Корпор-инвест бизнес;"Блок ""КИБ""";"Дивизион ""Корпоративные клиенты 360""";Ведущий исследователь данных;10-А-О2;52;
1795640;Корпор-инвест бизнес;"Блок ""КИБ""";"Дивизион ""Корпоративные клиенты 360""";Исследователь данных;9-А-О2;23;
1850816;Корпор-инвест бизнес;"Блок ""КИБ""";"Дивизион ""Корпоративные клиенты 360""";Исследователь данных;9-А-О2;28;
1707447;Корпор-инвест бизнес;"Блок ""КИБ""";"Дивизион ""Корпоративные клиенты 360""";Исследователь данных;9-А-О2;29;
1717149;Корпор-инвест бизнес;"Блок ""КИБ""";"Дивизион ""Корпоративные клиенты 360""";Исследователь данных;9-А-О2;23;
1774336;Корпор-инвест бизнес;"Блок ""КИБ""";"Дивизион ""Корпоративные клиенты 360""";Исследователь данных;8-А-О1;28;
1817135;Корпор-инвест бизнес;"Блок ""КИБ""";"Дивизион ""Корпоративные клиенты 360""";Исследователь данных;8-А-О1;26;
1856570;Корпор-инвест бизнес;"Блок ""КИБ""";"Дивизион ""Корпоративные клиенты 360""";Ведущий исследователь данных;10-А-А;26;
1788336;Корпор-инвест бизнес;"Блок ""КИБ""";"Дивизион ""Корпоративные клиенты 360""";Ведущий исследователь данных;10-А-А;26;
1823394;Корпор-инвест бизнес;"Блок ""КИБ""";"Дивизион ""Корпоративные клиенты 360""";Ведущий исследователь данных;10-А-А;25;
1812033;Корпор-инвест бизнес;"Блок ""КИБ""";"Дивизион ""Корпоративные клиенты 360""";Ведущий исследователь данных;10-А-А;24;
1814103;Корпор-инвест бизнес;"Блок ""КИБ""";"Дивизион ""Корпоративные клиенты 360""";Ведущий исследователь данных;10-А-А;26;
1774448;Корпор-инвест бизнес;"Блок ""КИБ""";"Дивизион ""Корпоративные клиенты 360""";Исп.директор по исследованию данных;13-А-А;31;
1678994;Корпор-инвест бизнес;"Блок ""КИБ""";"Дивизион ""Корпоративные клиенты 360""";Рук-ль направления по исслед.данных;12-А-А;36;
1826040;Корпор-инвест бизнес;"Блок ""КИБ""";"Дивизион ""Корпоративные клиенты 360""";Рук-ль направления по исслед.данных;12-А-А;39;
1784138;Корпор-инвест бизнес;"Блок ""КИБ""";"Дивизион ""Корпоративные клиенты 360""";Рук-ль направления по исслед.данных;12-А-А;31;
1841015;Корпор-инвест бизнес;"Блок ""КИБ""";"Дивизион ""Корпоративные клиенты 360""";Рук-ль направления по исслед.данных;12-А-А;29;
1708913;Корпор-инвест бизнес;"Блок ""КИБ""";"Дивизион ""Корпоративные клиенты 360""";Рук-ль направления по исслед.данных;12-А-А;31;
1727432;Корпор-инвест бизнес;"Блок ""КИБ""";"Дивизион ""Корпоративные клиенты 360""";Рук-ль направления по исслед.данных;12-А-А;31;
1792707;Корпор-инвест бизнес;"Блок ""КИБ""";"Дивизион ""Корпоративные клиенты 360""";Ведущий исследователь данных;10-А-А;23;
1679956;Корпор-инвест бизнес;"Блок ""КИБ""";"Дивизион ""Корпоративные клиенты 360""";Рук-ль направления по исслед.данных;11-А-А;26;
1807705;Корпор-инвест бизнес;"Блок ""КИБ""";"Дивизион ""Корпоративные клиенты 360""";Рук-ль направления по исслед.данных;11-А-А;25;
1740765;Корпор-инвест бизнес;"Блок ""КИБ""";"Дивизион ""Корпоративные клиенты 360""";Рук-ль направления по исслед.данных;11-А-А;25;
1840680;Корпор-инвест бизнес;"Блок ""КИБ""";"Дивизион ""Корпоративные клиенты 360""";Рук-ль направления по исслед.данных;11-А-А;24;
1760046;Корпор-инвест бизнес;"Блок ""КИБ""";"Дивизион ""Корпоративные клиенты 360""";Исследователь данных;9-А-А;23;
1813507;Корпор-инвест бизнес;"Блок ""КИБ""";"Дивизион ""Корпоративные клиенты 360""";Исследователь данных;9-А-А;28;
1856569;Корпор-инвест бизнес;"Блок ""КИБ""";"Дивизион ""Корпоративные клиенты 360""";Исследователь данных;9-А-А;22;
1833069;Корпор-инвест бизнес;"Блок ""КИБ""";"Дивизион ""Корпоративные клиенты 360""";Исследователь данных;9-А-А;27;
1856568;Корпор-инвест бизнес;"Блок ""КИБ""";"Дивизион ""Корпоративные клиенты 360""";Исследователь данных;8-А-А;27;
1488602;Корпор-инвест бизнес;"Блок ""КИБ""";"Дивизион ""Корпоративные клиенты 360""";Управляющий директор;15;39;
1198843;Корпор-инвест бизнес;"Блок ""КИБ""";"Дивизион ""Корпоративные клиенты 360""";Исп.директор по исследованию данных;14;38;
1638745;Корпор-инвест бизнес;"Блок ""КИБ""";"Дивизион ""Корпоративные клиенты 360""";Исп.директор по исследованию данных;13;31;
1545443;Корпор-инвест бизнес;"Блок ""КИБ""";"Дивизион ""Корпоративные клиенты 360""";Исп.директор по исследованию данных;13;38;
1494441;Корпор-инвест бизнес;"Блок ""КИБ""";"Дивизион ""Корпоративные клиенты 360""";Рук-ль направления по исслед.данных;12;29;
1815162;Корпор-инвест бизнес;"Блок ""КИБ""";"Дивизион ""Корпоративные клиенты 360""";Рук-ль направления по исслед.данных;12;29;
1555181;Корпор-инвест бизнес;"Блок ""КИБ""";"Дивизион ""Корпоративные клиенты 360""";Рук-ль направления по исслед.данных;11;47;
1637785;Корпор-инвест бизнес;"Блок ""КИБ""";"Дивизион ""Корпоративные клиенты 360""";Рук-ль направления по исслед.данных;12;25;
1732792;Корпор-инвест бизнес;"Блок ""КИБ""";"Дивизион ""Корпоративные клиенты 360""";Рук-ль направления по исслед.данных;12;24;
1625751;Корпор-инвест бизнес;"Блок ""КИБ""";"Дивизион ""Корпоративные клиенты 360""";Рук-ль направления по исслед.данных;12;36;
1747770;Корпор-инвест бизнес;"Блок ""КИБ""";"Дивизион ""Корпоративные клиенты 360""";Ведущий исследователь данных;10;24;
1674620;Корпор-инвест бизнес;"Блок ""КИБ""";"Дивизион ""Корпоративные клиенты 360""";Рук-ль направления по исслед.данных;12;25;
1712956;Корпор-инвест бизнес;"Блок ""КИБ""";"Дивизион ""Корпоративные клиенты 360""";Рук-ль направления по исслед.данных;12;25;
1666107;Корпор-инвест бизнес;"Блок ""КИБ""";"Дивизион ""Корпоративные клиенты 360""";Рук-ль направления по исслед.данных;12;24;
1714432;Корпор-инвест бизнес;"Блок ""КИБ""";"Дивизион ""Корпоративные клиенты 360""";Рук-ль направления по исслед.данных;12;32;
1742015;Корпор-инвест бизнес;"Блок ""КИБ""";"Дивизион ""Корпоративные клиенты 360""";Рук-ль направления по исслед.данных;11;23;
1739459;Корпор-инвест бизнес;"Блок ""КИБ""";"Дивизион ""Корпоративные клиенты 360""";Рук-ль направления по исслед.данных;11;27;
1747788;Корпор-инвест бизнес;"Блок ""КИБ""";"Дивизион ""Корпоративные клиенты 360""";Рук-ль направления по исслед.данных;11;27;
1479965;Корпор-инвест бизнес;"Блок ""КИБ""";"Дивизион ""Корпоративные клиенты 360""";Ведущий исследователь данных;10;29;
1812571;Корпор-инвест бизнес;"Блок ""КИБ""";"Дивизион ""Корпоративные клиенты 360""";Рук-ль направления по исслед.данных;11;32;
1756708;Корпор-инвест бизнес;"Блок ""КИБ""";"Дивизион ""Корпоративные клиенты 360""";Рук-ль направления по исслед.данных;11;44;
41874;Корпор-инвест бизнес;"Блок ""КИБ""";"Дивизион ""Корпоративные клиенты 360""";Ведущий исследователь данных;10;39;
1494424;Корпор-инвест бизнес;"Блок ""КИБ""";"Дивизион ""Корпоративные клиенты 360""";Ведущий исследователь данных;10;31;
1730748;Корпор-инвест бизнес;"Блок ""КИБ""";"Дивизион ""Корпоративные клиенты 360""";Исследователь данных;09;29;
1767409;Корпор-инвест бизнес;"Блок ""КИБ""";"Дивизион ""Корпоративные клиенты 360""";Исследователь данных;08;22;
1835920;Корпор-инвест бизнес;"Блок ""КИБ""";"Дивизион ""Корпоративные клиенты 360""";Исследователь данных;09;24;
1803840;Корпор-инвест бизнес;"Блок ""КИБ""";"Дивизион ""Корпоративные клиенты 360""";Исследователь данных;09;25;
1740607;Корпор-инвест бизнес;"Блок ""КИБ""";"Дивизион ""Корпоративные клиенты 360""";Исследователь данных;09;34;
1739431;Корпор-инвест бизнес;"Блок ""КИБ""";"Дивизион ""Корпоративные клиенты 360""";Исследователь данных;09;27;
1742821;Корпор-инвест бизнес;"Блок ""КИБ""";"Дивизион ""Корпоративные клиенты 360""";Исследователь данных;09;29;
1677581;Корпор-инвест бизнес;"Блок ""КИБ""";"Дивизион ""Корпоративные клиенты 360""";Рук-ль направления по исслед.данных;12;39;
1541646;Корпор-инвест бизнес;"Блок ""КИБ""";"Дивизион ""Корпоративные клиенты 360""";Рук-ль направления по исслед.данных;12;33;
1736941;Корпор-инвест бизнес;"Блок ""КИБ""";"Дивизион ""Корпоративные клиенты 360""";Рук-ль направления по исслед.данных;12;30;
44905;Корпор-инвест бизнес;"Блок ""КИБ""";"Дивизион ""Корпоративные клиенты 360""";Рук-ль направления по исслед.данных;11;34;
999776;Корпор-инвест бизнес;"Блок ""КИБ""";"Дивизион ""Корпоративные клиенты 360""";Исполнительный директор;13;36;
1776581;Корпор-инвест бизнес;"Блок ""КИБ""";"Дивизион ""Корпоративные клиенты 360""";Менеджер;10;28;
1518905;Корпор-инвест бизнес;"Блок ""КИБ""";"Дивизион ""Корпоративные клиенты 360""";Рук-ль направления по исслед.данных;12;40;
1818105;Корпор-инвест бизнес;"Блок ""КИБ""";"Дивизион ""Корпоративные клиенты 360""";Исследователь данных;09;30;
1730967;Корпор-инвест бизнес;"Блок ""КИБ""";"Дивизион ""Корпоративные клиенты 360""";Исследователь данных;09;24;
1678134;Корпор-инвест бизнес;"Блок ""КИБ""";"Дивизион ""Корпоративные клиенты 360""";Исследователь данных;08;32;
1858511;Корпор-инвест бизнес;"Блок ""КИБ""";"Дивизион ""Транзакционный бизнес""";Рук-ль направления по исслед.данных;11-А-О2;43;
1843455;Корпор-инвест бизнес;"Блок ""КИБ""";"Дивизион ""Транзакционный бизнес""";Ведущий исследователь данных;10;28;
1705135;Корпор-инвест бизнес;"Блок ""КИБ""";"Дивизион ""Транзакционный бизнес""";Рук-ль направления по исслед.данных;11;34;
1800833;Корпор-инвест бизнес;"Блок ""КИБ""";"Дивизион ""Транзакционный бизнес""";Рук-ль направления по исслед.данных;12;31;
1700832;Корпор-инвест бизнес;"Блок ""КИБ""";"Дивизион ""Кредитные продукты и процессы""";Рук-ль направления по исслед.данных;11;27;
1407060;Корпор-инвест бизнес;"Блок ""КИБ""";"Дивизион ""Кредитные продукты и процессы""";Рук-ль направления по исслед.данных;11;31;
1687331;Корпор-инвест бизнес;"Блок ""КИБ""";"Дивизион ""Кредитные продукты и процессы""";Рук-ль направления по исслед.данных;11-А-О2;37;
1223915;Корпор-инвест бизнес;"Блок ""КИБ""";"Дивизион ""Кредитные продукты и процессы""";Ведущий исследователь данных;10-А-О2;28;
38064;Корпор-инвест бизнес;"Блок ""КИБ""";"Дивизион ""Кредитные продукты и процессы""";Исп.директор по исследованию данных;13;35;
1802982;Корпор-инвест бизнес;"Блок ""КИБ""";Департамент глобальных рынков;Рук-ль направления по исслед.данных;12;33;
1486024;Корпор-инвест бизнес;"Блок ""КИБ""";Департамент глобальных рынков;Исп.директор по исследованию данных;13;33;
1560975;Корпор-инвест бизнес;"Блок ""КИБ""";Департамент глобальных рынков;Рук-ль направления по исслед.данных;12;36;
1616655;Корпор-инвест бизнес;"Блок ""КИБ""";Департамент глобальных рынков;Рук-ль направления по исслед.данных;11;40;
1666071;Корпор-инвест бизнес;"Блок ""КИБ""";Департамент глобальных рынков;Рук-ль направления по исслед.данных;12;38;
1675195;Корпор-инвест бизнес;"Блок ""КИБ""";Департамент глобальных рынков;Рук-ль направления по исслед.данных;12;32;
1818491;Корпор-инвест бизнес;"Блок ""КИБ""";Департамент глобальных рынков;Рук-ль направления по исслед.данных;11;33;
1654908;Корпор-инвест бизнес;"Блок ""КИБ""";Департамент глобальных рынков;Ведущий исследователь данных;10;35;
1480344;Корпор-инвест бизнес;"Блок ""КИБ""";Департамент глобальных рынков;Исп.директор по исследованию данных;13;42;
1760561;Корпор-инвест бизнес;"Блок ""КИБ""";Департамент глобальных рынков;Исследователь данных;08;22;
1738792;Корпор-инвест бизнес;"Блок ""КИБ""";Департамент глобальных рынков;Упр.директор по исследованию данных;15;45;
1742966;Корпор-инвест бизнес;"Блок ""КИБ""";Департамент глобальных рынков;Ведущий исследователь данных;10;25;
1717956;Корпор-инвест бизнес;"Блок ""КИБ""";"Дивизион ""Цифровой кредитный мониторинг""";Ведущий исследователь данных;10;25;
1545149;Корпор-инвест бизнес;"Блок ""КИБ""";"Дивизион ""Цифровой кредитный мониторинг""";Ведущий исследователь данных;10;30;
1636082;Корпор-инвест бизнес;"Блок ""КИБ""";"Дивизион ""Цифровой кредитный мониторинг""";Ведущий исследователь данных;10;23;
1671521;Корпор-инвест бизнес;"Блок ""КИБ""";"Дивизион ""Цифровой кредитный мониторинг""";Ведущий исследователь данных;10;26;
1819824;Корпор-инвест бизнес;"Блок ""КИБ""";"Дивизион ""Цифровой кредитный мониторинг""";Ведущий исследователь данных;10;25;
1804797;Корпор-инвест бизнес;"Блок ""КИБ""";"Дивизион ""Цифровой кредитный мониторинг""";Исследователь данных;09;35;
1811779;Корпор-инвест бизнес;"Блок ""КИБ""";"Дивизион ""Цифровой кредитный мониторинг""";Исследователь данных;09;24;
1716651;Корпор-инвест бизнес;"Блок ""КИБ""";"Дивизион ""Цифровой кредитный мониторинг""";Рук-ль направления по исслед.данных;10;28;
1617834;Корпор-инвест бизнес;"Блок ""КИБ""";"Дивизион ""Цифровой кредитный мониторинг""";Рук-ль направления по исслед.данных;10;25;
1724242;Корпор-инвест бизнес;"Блок ""КИБ""";"Дивизион ""Цифровой кредитный мониторинг""";Рук-ль направления по исслед.данных;12;27;
1601320;Корпор-инвест бизнес;"Блок ""КИБ""";"Дивизион ""Цифровой кредитный мониторинг""";Рук-ль направления по исслед.данных;12;28;
41079;Корпор-инвест бизнес;"Блок ""КИБ""";Департамент развития КБ;Исп.директор по исследованию данных;13;36;
1464111;Корпор-инвест бизнес;"Блок ""КИБ""";Департамент развития КБ;Рук-ль направления по исслед.данных;11;29;
1739478;Корпор-инвест бизнес;"Блок ""КИБ""";"Дивизион ""Развитие внешнеэк.партнерства""";Ведущий исследователь данных;10;36;
1794737;Корпор-инвест бизнес;"Блок ""КИБ""";"Дивизион ""Развитие внешнеэк.партнерства""";Исследователь данных;09;28;
1711366;Корпор-инвест бизнес;"Блок ""КИБ""";"Дивизион ""Развитие внешнеэк.партнерства""";Рук-ль направления по исслед.данных;11;29;
1841954;Корпор-инвест бизнес;"Блок ""КИБ""";"Дивизион ""Центр корпоративных решений""";Ведущий исследователь данных;10;25;
1838495;Корпор-инвест бизнес;"Блок ""КИБ""";"Дивизион ""Центр корпоративных решений""";Рук-ль направления по исслед.данных;11;25;
1687004;Корпор-инвест бизнес;"Блок ""КИБ""";"Дивизион ""Центр корпоративных решений""";Рук-ль направления по исслед.данных;12;31;
1548772;Корпор-инвест бизнес;"Блок ""КИБ""";Дирекция по экосистеме юридических лиц;Рук-ль направления по исслед.данных;11;29;
1850980;Корпор-инвест бизнес;"Блок ""КИБ""";"Дивизион ""Интеллектуальная система упр.""";Исследователь данных;08;25;
1761612;Корпор-инвест бизнес;"Блок ""КИБ""";"Дивизион ""Интеллектуальная система упр.""";Рук-ль направления по исслед.данных;11;33;
;;;;;;;